<?xml version="1.0" encoding="UTF-8"?><gesmes:Envelope xmlns:gesmes="http://www.gesmes.org/xml/2002-08-01" xmlns="http://www.ecb.int/vocabulary/2002-08-01/eurofxref"><gesmes:subject>Reference rates</gesmes:subject><gesmes:Sender><gesmes:name>European Central Bank</gesmes:name></gesmes:Sender><Cube><Cube time="2023-07-31"><Cube currency="USD" rate="1.1023"/><Cube currency="JPY" rate="156.73"/><Cube currency="BGN" rate="1.9558"/><Cube currency="CZK" rate="23.9"/><Cube currency="DKK" rate="7.4529"/><Cube currency="GBP" rate="0.85765"/><Cube currency="HUF" rate="386.93"/><Cube currency="PLN" rate="4.407"/><Cube currency="RON" rate="4.9349"/><Cube currency="SEK" rate="11.5895"/><Cube currency="CHF" rate="0.9619"/><Cube currency="ISK" rate="144.3"/><Cube currency="NOK" rate="11.1805"/><Cube currency="TRY" rate="29.7126"/><Cube currency="AUD" rate="1.6436"/><Cube currency="BRL" rate="5.2031"/><Cube currency="CAD" rate="1.4566"/><Cube currency="CNY" rate="7.8808"/><Cube currency="HKD" rate="8.5966"/><Cube currency="IDR" rate="16622.65"/><Cube currency="ILS" rate="4.0714"/><Cube currency="INR" rate="90.669"/><Cube currency="KRW" rate="1405.49"/><Cube currency="MXN" rate="18.4088"/><Cube currency="MYR" rate="4.9703"/><Cube currency="NZD" rate="1.7773"/><Cube currency="PHP" rate="60.522"/><Cube currency="SGD" rate="1.466"/><Cube currency="THB" rate="37.732"/><Cube currency="ZAR" rate="19.5511"/></Cube>
<Cube time="2023-07-28"><Cube currency="USD" rate="1.101"/><Cube currency="JPY" rate="153.35"/><Cube currency="BGN" rate="1.9558"/><Cube currency="CZK" rate="24.028"/><Cube currency="DKK" rate="7.4527"/><Cube currency="GBP" rate="0.8556"/><Cube currency="HUF" rate="383.26"/><Cube currency="PLN" rate="4.4113"/><Cube currency="RON" rate="4.9308"/><Cube currency="SEK" rate="11.5545"/><Cube currency="CHF" rate="0.9554"/><Cube currency="ISK" rate="144.9"/><Cube currency="NOK" rate="11.168"/><Cube currency="TRY" rate="29.6771"/><Cube currency="AUD" rate="1.6508"/><Cube currency="BRL" rate="5.1996"/><Cube currency="CAD" rate="1.4553"/><Cube currency="CNY" rate="7.8799"/><Cube currency="HKD" rate="8.5865"/><Cube currency="IDR" rate="16620.44"/><Cube currency="ILS" rate="4.0717"/><Cube currency="INR" rate="90.501"/><Cube currency="KRW" rate="1406.73"/><Cube currency="MXN" rate="18.3975"/><Cube currency="MYR" rate="5.0145"/><Cube currency="NZD" rate="1.7855"/><Cube currency="PHP" rate="60.405"/><Cube currency="SGD" rate="1.4653"/><Cube currency="THB" rate="37.852"/><Cube currency="ZAR" rate="19.4309"/></Cube>
<Cube time="2023-07-27"><Cube currency="USD" rate="1.1125"/><Cube currency="JPY" rate="155.95"/><Cube currency="BGN" rate="1.9558"/><Cube currency="CZK" rate="24.032"/><Cube currency="DKK" rate="7.4518"/><Cube currency="GBP" rate="0.85885"/><Cube currency="HUF" rate="379.03"/><Cube currency="PLN" rate="4.4265"/><Cube currency="RON" rate="4.93"/><Cube currency="SEK" rate="11.4985"/><Cube currency="CHF" rate="0.9542"/><Cube currency="ISK" rate="145.5"/><Cube currency="NOK" rate="11.1275"/><Cube currency="TRY" rate="29.9773"/><Cube currency="AUD" rate="1.6383"/><Cube currency="BRL" rate="5.2667"/><Cube currency="CAD" rate="1.4654"/><Cube currency="CNY" rate="7.951"/><Cube currency="HKD" rate="8.6787"/><Cube currency="IDR" rate="16691.35"/><Cube currency="ILS" rate="4.129"/><Cube currency="INR" rate="91.1385"/><Cube currency="KRW" rate="1422.98"/><Cube currency="MXN" rate="18.6688"/><Cube currency="MYR" rate="5.0307"/><Cube currency="NZD" rate="1.7797"/><Cube currency="PHP" rate="60.709"/><Cube currency="SGD" rate="1.4727"/><Cube currency="THB" rate="37.925"/><Cube currency="ZAR" rate="19.4838"/></Cube>
<Cube time="2023-07-26"><Cube currency="USD" rate="1.1059"/><Cube currency="JPY" rate="155.3"/><Cube currency="BGN" rate="1.9558"/><Cube currency="CZK" rate="24.05"/><Cube currency="DKK" rate="7.4517"/><Cube currency="GBP" rate="0.85695"/><Cube currency="HUF" rate="384.13"/><Cube currency="PLN" rate="4.42"/><Cube currency="RON" rate="4.9288"/><Cube currency="SEK" rate="11.5313"/><Cube currency="CHF" rate="0.9549"/><Cube currency="ISK" rate="145.5"/><Cube currency="NOK" rate="11.2"/><Cube currency="TRY" rate="29.802"/><Cube currency="AUD" rate="1.6401"/><Cube currency="BRL" rate="5.2401"/><Cube currency="CAD" rate="1.462"/><Cube currency="CNY" rate="7.9109"/><Cube currency="HKD" rate="8.6308"/><Cube currency="IDR" rate="16639.98"/><Cube currency="ILS" rate="4.0987"/><Cube currency="INR" rate="90.7231"/><Cube currency="KRW" rate="1410.55"/><Cube currency="MXN" rate="18.6702"/><Cube currency="MYR" rate="5.0313"/><Cube currency="NZD" rate="1.7814"/><Cube currency="PHP" rate="60.421"/><Cube currency="SGD" rate="1.4682"/><Cube currency="THB" rate="37.91"/><Cube currency="ZAR" rate="19.5801"/></Cube>
<Cube time="2023-07-25"><Cube currency="USD" rate="1.1051"/><Cube currency="JPY" rate="156.18"/><Cube currency="BGN" rate="1.9558"/><Cube currency="CZK" rate="24.047"/><Cube currency="DKK" rate="7.4515"/><Cube currency="GBP" rate="0.86148"/><Cube currency="HUF" rate="378.33"/><Cube currency="PLN" rate="4.4263"/><Cube currency="RON" rate="4.9223"/><Cube currency="SEK" rate="11.495"/><Cube currency="CHF" rate="0.9598"/><Cube currency="ISK" rate="145.7"/><Cube currency="NOK" rate="11.1605"/><Cube currency="TRY" rate="29.7848"/><Cube currency="AUD" rate="1.6328"/><Cube currency="BRL" rate="5.2178"/><Cube currency="CAD" rate="1.4562"/><Cube currency="CNY" rate="7.8915"/><Cube currency="HKD" rate="8.6336"/><Cube currency="IDR" rate="16607.03"/><Cube currency="ILS" rate="4.0906"/><Cube currency="INR" rate="90.4445"/><Cube currency="KRW" rate="1409.63"/><Cube currency="MXN" rate="18.5746"/><Cube currency="MYR" rate="5.042"/><Cube currency="NZD" rate="1.7785"/><Cube currency="PHP" rate="60.271"/><Cube currency="SGD" rate="1.4677"/><Cube currency="THB" rate="38.115"/><Cube currency="ZAR" rate="19.4256"/></Cube>
<Cube time="2023-07-24"><Cube currency="USD" rate="1.1096"/><Cube currency="JPY" rate="156.47"/><Cube currency="BGN" rate="1.9558"/><Cube currency="CZK" rate="24.139"/><Cube currency="DKK" rate="7.4514"/><Cube currency="GBP" rate="0.8635"/><Cube currency="HUF" rate="378.38"/><Cube currency="PLN" rate="4.446"/><Cube currency="RON" rate="4.924"/><Cube currency="SEK" rate="11.5495"/><Cube currency="CHF" rate="0.9595"/><Cube currency="ISK" rate="146.3"/><Cube currency="NOK" rate="11.1925"/><Cube currency="TRY" rate="29.9078"/><Cube currency="AUD" rate="1.6469"/><Cube currency="BRL" rate="5.2981"/><Cube currency="CAD" rate="1.4635"/><Cube currency="CNY" rate="7.9749"/><Cube currency="HKD" rate="8.6688"/><Cube currency="IDR" rate="16667.21"/><Cube currency="ILS" rate="4.0136"/><Cube currency="INR" rate="90.78"/><Cube currency="KRW" rate="1420.86"/><Cube currency="MXN" rate="18.7332"/><Cube currency="MYR" rate="5.0736"/><Cube currency="NZD" rate="1.7888"/><Cube currency="PHP" rate="60.59"/><Cube currency="SGD" rate="1.4762"/><Cube currency="THB" rate="38.159"/><Cube currency="ZAR" rate="19.7927"/></Cube>
<Cube time="2023-07-21"><Cube currency="USD" rate="1.1123"/><Cube currency="JPY" rate="157.63"/><Cube currency="BGN" rate="1.9558"/><Cube currency="CZK" rate="24.062"/><Cube currency="DKK" rate="7.4508"/><Cube currency="GBP" rate="0.86706"/><Cube currency="HUF" rate="380.3"/><Cube currency="PLN" rate="4.4583"/><Cube currency="RON" rate="4.9367"/><Cube currency="SEK" rate="11.5517"/><Cube currency="CHF" rate="0.963"/><Cube currency="ISK" rate="146.3"/><Cube currency="NOK" rate="11.1775"/><Cube currency="TRY" rate="29.962"/><Cube currency="AUD" rate="1.651"/><Cube currency="BRL" rate="5.3437"/><Cube currency="CAD" rate="1.4668"/><Cube currency="CNY" rate="7.986"/><Cube currency="HKD" rate="8.6946"/><Cube currency="IDR" rate="16714.72"/><Cube currency="ILS" rate="4.0214"/><Cube currency="INR" rate="91.175"/><Cube currency="KRW" rate="1429.52"/><Cube currency="MXN" rate="18.8531"/><Cube currency="MYR" rate="5.0738"/><Cube currency="NZD" rate="1.7981"/><Cube currency="PHP" rate="60.876"/><Cube currency="SGD" rate="1.4792"/><Cube currency="THB" rate="38.23"/><Cube currency="ZAR" rate="20.0385"/></Cube>
<Cube time="2023-07-20"><Cube currency="USD" rate="1.1197"/><Cube currency="JPY" rate="156.35"/><Cube currency="BGN" rate="1.9558"/><Cube currency="CZK" rate="23.961"/><Cube currency="DKK" rate="7.4508"/><Cube currency="GBP" rate="0.8692"/><Cube currency="HUF" rate="379.24"/><Cube currency="PLN" rate="4.4513"/><Cube currency="RON" rate="4.938"/><Cube currency="SEK" rate="11.4795"/><Cube currency="CHF" rate="0.9635"/><Cube currency="ISK" rate="146.3"/><Cube currency="NOK" rate="11.1555"/><Cube currency="TRY" rate="30.1351"/><Cube currency="AUD" rate="1.6416"/><Cube currency="BRL" rate="5.3665"/><Cube currency="CAD" rate="1.4716"/><Cube currency="CNY" rate="8.024"/><Cube currency="HKD" rate="8.7465"/><Cube currency="IDR" rate="16777.66"/><Cube currency="ILS" rate="4.0245"/><Cube currency="INR" rate="91.781"/><Cube currency="KRW" rate="1423.23"/><Cube currency="MXN" rate="18.7998"/><Cube currency="MYR" rate="5.0868"/><Cube currency="NZD" rate="1.7859"/><Cube currency="PHP" rate="61.068"/><Cube currency="SGD" rate="1.4807"/><Cube currency="THB" rate="38.025"/><Cube currency="ZAR" rate="19.965"/></Cube>
<Cube time="2023-07-19"><Cube currency="USD" rate="1.1222"/><Cube currency="JPY" rate="156.76"/><Cube currency="BGN" rate="1.9558"/><Cube currency="CZK" rate="23.927"/><Cube currency="DKK" rate="7.4507"/><Cube currency="GBP" rate="0.86918"/><Cube currency="HUF" rate="375"/><Cube currency="PLN" rate="4.4508"/><Cube currency="RON" rate="4.944"/><Cube currency="SEK" rate="11.476"/><Cube currency="CHF" rate="0.9628"/><Cube currency="ISK" rate="146.5"/><Cube currency="NOK" rate="11.266"/><Cube currency="TRY" rate="30.2231"/><Cube currency="AUD" rate="1.6582"/><Cube currency="BRL" rate="5.3996"/><Cube currency="CAD" rate="1.4795"/><Cube currency="CNY" rate="8.1014"/><Cube currency="HKD" rate="8.7612"/><Cube currency="IDR" rate="16830.56"/><Cube currency="ILS" rate="4.0235"/><Cube currency="INR" rate="92.1095"/><Cube currency="KRW" rate="1420.32"/><Cube currency="MXN" rate="18.8119"/><Cube currency="MYR" rate="5.0976"/><Cube currency="NZD" rate="1.7949"/><Cube currency="PHP" rate="61.272"/><Cube currency="SGD" rate="1.4875"/><Cube currency="THB" rate="38.329"/><Cube currency="ZAR" rate="20.1074"/></Cube>
<Cube time="2023-07-18"><Cube currency="USD" rate="1.1255"/><Cube currency="JPY" rate="155.4"/><Cube currency="BGN" rate="1.9558"/><Cube currency="CZK" rate="23.818"/><Cube currency="DKK" rate="7.4509"/><Cube currency="GBP" rate="0.85838"/><Cube currency="HUF" rate="373.68"/><Cube currency="PLN" rate="4.4458"/><Cube currency="RON" rate="4.938"/><Cube currency="SEK" rate="11.504"/><Cube currency="CHF" rate="0.9647"/><Cube currency="ISK" rate="146.3"/><Cube currency="NOK" rate="11.3395"/><Cube currency="TRY" rate="30.3528"/><Cube currency="AUD" rate="1.6523"/><Cube currency="BRL" rate="5.4001"/><Cube currency="CAD" rate="1.4862"/><Cube currency="CNY" rate="8.0745"/><Cube currency="HKD" rate="8.7918"/><Cube currency="IDR" rate="16864.46"/><Cube currency="ILS" rate="4.073"/><Cube currency="INR" rate="92.3335"/><Cube currency="KRW" rate="1419.52"/><Cube currency="MXN" rate="18.8029"/><Cube currency="MYR" rate="5.1126"/><Cube currency="NZD" rate="1.7908"/><Cube currency="PHP" rate="61.261"/><Cube currency="SGD" rate="1.4866"/><Cube currency="THB" rate="38.436"/><Cube currency="ZAR" rate="20.1525"/></Cube>
<Cube time="2023-07-17"><Cube currency="USD" rate="1.123"/><Cube currency="JPY" rate="155.38"/><Cube currency="BGN" rate="1.9558"/><Cube currency="CZK" rate="23.757"/><Cube currency="DKK" rate="7.4504"/><Cube currency="GBP" rate="0.85873"/><Cube currency="HUF" rate="373.03"/><Cube currency="PLN" rate="4.4508"/><Cube currency="RON" rate="4.9414"/><Cube currency="SEK" rate="11.4873"/><Cube currency="CHF" rate="0.9652"/><Cube currency="ISK" rate="146.9"/><Cube currency="NOK" rate="11.242"/><Cube currency="TRY" rate="29.5517"/><Cube currency="AUD" rate="1.6487"/><Cube currency="BRL" rate="5.396"/><Cube currency="CAD" rate="1.4845"/><Cube currency="CNY" rate="8.0457"/><Cube currency="HKD" rate="8.775"/><Cube currency="IDR" rate="16842.79"/><Cube currency="ILS" rate="4.0897"/><Cube currency="INR" rate="92.1073"/><Cube currency="KRW" rate="1421.92"/><Cube currency="MXN" rate="18.8477"/><Cube currency="MYR" rate="5.099"/><Cube currency="NZD" rate="1.7727"/><Cube currency="PHP" rate="61.125"/><Cube currency="SGD" rate="1.4839"/><Cube currency="THB" rate="38.856"/><Cube currency="ZAR" rate="20.2582"/></Cube>
<Cube time="2023-07-14"><Cube currency="USD" rate="1.1221"/><Cube currency="JPY" rate="155.51"/><Cube currency="BGN" rate="1.9558"/><Cube currency="CZK" rate="23.777"/><Cube currency="DKK" rate="7.4484"/><Cube currency="GBP" rate="0.8559"/><Cube currency="HUF" rate="374.55"/><Cube currency="PLN" rate="4.449"/><Cube currency="RON" rate="4.9439"/><Cube currency="SEK" rate="11.493"/><Cube currency="CHF" rate="0.9649"/><Cube currency="ISK" rate="146.9"/><Cube currency="NOK" rate="11.2105"/><Cube currency="TRY" rate="29.3872"/><Cube currency="AUD" rate="1.635"/><Cube currency="BRL" rate="5.3847"/><Cube currency="CAD" rate="1.4728"/><Cube currency="CNY" rate="8.0076"/><Cube currency="HKD" rate="8.7694"/><Cube currency="IDR" rate="16797.87"/><Cube currency="ILS" rate="4.0499"/><Cube currency="INR" rate="92.1985"/><Cube currency="KRW" rate="1423.03"/><Cube currency="MXN" rate="18.9497"/><Cube currency="MYR" rate="5.0786"/><Cube currency="NZD" rate="1.7589"/><Cube currency="PHP" rate="61.135"/><Cube currency="SGD" rate="1.482"/><Cube currency="THB" rate="38.864"/><Cube currency="ZAR" rate="20.2032"/></Cube>
<Cube time="2023-07-13"><Cube currency="USD" rate="1.1182"/><Cube currency="JPY" rate="154.84"/><Cube currency="BGN" rate="1.9558"/><Cube currency="CZK" rate="23.752"/><Cube currency="DKK" rate="7.4523"/><Cube currency="GBP" rate="0.85553"/><Cube currency="HUF" rate="375.15"/><Cube currency="PLN" rate="4.4323"/><Cube currency="RON" rate="4.9433"/><Cube currency="SEK" rate="11.51"/><Cube currency="CHF" rate="0.9644"/><Cube currency="ISK" rate="146.9"/><Cube currency="NOK" rate="11.248"/><Cube currency="TRY" rate="29.2478"/><Cube currency="AUD" rate="1.6299"/><Cube currency="BRL" rate="5.3747"/><Cube currency="CAD" rate="1.4714"/><Cube currency="CNY" rate="8.0098"/><Cube currency="HKD" rate="8.7481"/><Cube currency="IDR" rate="16727.49"/><Cube currency="ILS" rate="4.0378"/><Cube currency="INR" rate="91.7935"/><Cube currency="KRW" rate="1418.67"/><Cube currency="MXN" rate="18.9248"/><Cube currency="MYR" rate="5.128"/><Cube currency="NZD" rate="1.758"/><Cube currency="PHP" rate="60.78"/><Cube currency="SGD" rate="1.4816"/><Cube currency="THB" rate="38.667"/><Cube currency="ZAR" rate="20.2148"/></Cube>
<Cube time="2023-07-12"><Cube currency="USD" rate="1.1022"/><Cube currency="JPY" rate="153.84"/><Cube currency="BGN" rate="1.9558"/><Cube currency="CZK" rate="23.828"/><Cube currency="DKK" rate="7.4524"/><Cube currency="GBP" rate="0.85378"/><Cube currency="HUF" rate="376.48"/><Cube currency="PLN" rate="4.4473"/><Cube currency="RON" rate="4.9495"/><Cube currency="SEK" rate="11.68"/><Cube currency="CHF" rate="0.9683"/><Cube currency="ISK" rate="146.9"/><Cube currency="NOK" rate="11.331"/><Cube currency="TRY" rate="28.8159"/><Cube currency="AUD" rate="1.6479"/><Cube currency="BRL" rate="5.3477"/><Cube currency="CAD" rate="1.4574"/><Cube currency="CNY" rate="7.9274"/><Cube currency="HKD" rate="8.6268"/><Cube currency="IDR" rate="16608.8"/><Cube currency="ILS" rate="4.045"/><Cube currency="INR" rate="90.7173"/><Cube currency="KRW" rate="1420.8"/><Cube currency="MXN" rate="18.7485"/><Cube currency="MYR" rate="5.1263"/><Cube currency="NZD" rate="1.7818"/><Cube currency="PHP" rate="60.463"/><Cube currency="SGD" rate="1.4751"/><Cube currency="THB" rate="38.434"/><Cube currency="ZAR" rate="20.3368"/></Cube>
<Cube time="2023-07-11"><Cube currency="USD" rate="1.0989"/><Cube currency="JPY" rate="154.27"/><Cube currency="BGN" rate="1.9558"/><Cube currency="CZK" rate="23.855"/><Cube currency="DKK" rate="7.4529"/><Cube currency="GBP" rate="0.8511"/><Cube currency="HUF" rate="379.5"/><Cube currency="PLN" rate="4.4563"/><Cube currency="RON" rate="4.949"/><Cube currency="SEK" rate="11.76"/><Cube currency="CHF" rate="0.9693"/><Cube currency="ISK" rate="146.9"/><Cube currency="NOK" rate="11.452"/><Cube currency="TRY" rate="28.6897"/><Cube currency="AUD" rate="1.6493"/><Cube currency="BRL" rate="5.3679"/><Cube currency="CAD" rate="1.4588"/><Cube currency="CNY" rate="7.9143"/><Cube currency="HKD" rate="8.6023"/><Cube currency="IDR" rate="16678.24"/><Cube currency="ILS" rate="4.0719"/><Cube currency="INR" rate="90.5655"/><Cube currency="KRW" rate="1422.26"/><Cube currency="MXN" rate="18.7556"/><Cube currency="MYR" rate="5.1181"/><Cube currency="NZD" rate="1.7766"/><Cube currency="PHP" rate="60.787"/><Cube currency="SGD" rate="1.4748"/><Cube currency="THB" rate="38.209"/><Cube currency="ZAR" rate="20.4953"/></Cube>
<Cube time="2023-07-10"><Cube currency="USD" rate="1.0956"/><Cube currency="JPY" rate="155.73"/><Cube currency="BGN" rate="1.9558"/><Cube currency="CZK" rate="23.843"/><Cube currency="DKK" rate="7.4512"/><Cube currency="GBP" rate="0.85733"/><Cube currency="HUF" rate="382.65"/><Cube currency="PLN" rate="4.4508"/><Cube currency="RON" rate="4.949"/><Cube currency="SEK" rate="11.8745"/><Cube currency="CHF" rate="0.9753"/><Cube currency="ISK" rate="147.3"/><Cube currency="NOK" rate="11.5635"/><Cube currency="TRY" rate="28.59"/><Cube currency="AUD" rate="1.6488"/><Cube currency="BRL" rate="5.3246"/><Cube currency="CAD" rate="1.4552"/><Cube currency="CNY" rate="7.9291"/><Cube currency="HKD" rate="8.5783"/><Cube currency="IDR" rate="16655.6"/><Cube currency="ILS" rate="4.0588"/><Cube currency="INR" rate="90.4985"/><Cube currency="KRW" rate="1429.51"/><Cube currency="MXN" rate="18.7544"/><Cube currency="MYR" rate="5.1165"/><Cube currency="NZD" rate="1.7707"/><Cube currency="PHP" rate="60.996"/><Cube currency="SGD" rate="1.4773"/><Cube currency="THB" rate="38.477"/><Cube currency="ZAR" rate="20.6523"/></Cube>
<Cube time="2023-07-07"><Cube currency="USD" rate="1.0888"/><Cube currency="JPY" rate="156.01"/><Cube currency="BGN" rate="1.9558"/><Cube currency="CZK" rate="23.945"/><Cube currency="DKK" rate="7.4515"/><Cube currency="GBP" rate="0.85298"/><Cube currency="HUF" rate="388.33"/><Cube currency="PLN" rate="4.4838"/><Cube currency="RON" rate="4.9557"/><Cube currency="SEK" rate="11.9075"/><Cube currency="CHF" rate="0.9754"/><Cube currency="ISK" rate="146.9"/><Cube currency="NOK" rate="11.7085"/><Cube currency="TRY" rate="28.383"/><Cube currency="AUD" rate="1.6416"/><Cube currency="BRL" rate="5.3527"/><Cube currency="CAD" rate="1.4557"/><Cube currency="CNY" rate="7.8773"/><Cube currency="HKD" rate="8.5232"/><Cube currency="IDR" rate="16521.26"/><Cube currency="ILS" rate="4.0428"/><Cube currency="INR" rate="90.0465"/><Cube currency="KRW" rate="1421.91"/><Cube currency="MXN" rate="18.7883"/><Cube currency="MYR" rate="5.0842"/><Cube currency="NZD" rate="1.7644"/><Cube currency="PHP" rate="60.495"/><Cube currency="SGD" rate="1.4717"/><Cube currency="THB" rate="38.358"/><Cube currency="ZAR" rate="20.7915"/></Cube>
<Cube time="2023-07-06"><Cube currency="USD" rate="1.0899"/><Cube currency="JPY" rate="156.57"/><Cube currency="BGN" rate="1.9558"/><Cube currency="CZK" rate="23.839"/><Cube currency="DKK" rate="7.4493"/><Cube currency="GBP" rate="0.8531"/><Cube currency="HUF" rate="382.95"/><Cube currency="PLN" rate="4.4753"/><Cube currency="RON" rate="4.9504"/><Cube currency="SEK" rate="11.9045"/><Cube currency="CHF" rate="0.9757"/><Cube currency="ISK" rate="148.3"/><Cube currency="NOK" rate="11.637"/><Cube currency="TRY" rate="28.3543"/><Cube currency="AUD" rate="1.6308"/><Cube currency="BRL" rate="5.2926"/><Cube currency="CAD" rate="1.4489"/><Cube currency="CNY" rate="7.882"/><Cube currency="HKD" rate="8.5239"/><Cube currency="IDR" rate="16420.93"/><Cube currency="ILS" rate="4.0287"/><Cube currency="INR" rate="89.849"/><Cube currency="KRW" rate="1419.79"/><Cube currency="MXN" rate="18.6009"/><Cube currency="MYR" rate="5.0811"/><Cube currency="NZD" rate="1.7532"/><Cube currency="PHP" rate="60.543"/><Cube currency="SGD" rate="1.4712"/><Cube currency="THB" rate="38.168"/><Cube currency="ZAR" rate="20.6276"/></Cube>
<Cube time="2023-07-05"><Cube currency="USD" rate="1.0879"/><Cube currency="JPY" rate="157.26"/><Cube currency="BGN" rate="1.9558"/><Cube currency="CZK" rate="23.775"/><Cube currency="DKK" rate="7.4482"/><Cube currency="GBP" rate="0.85685"/><Cube currency="HUF" rate="378.4"/><Cube currency="PLN" rate="4.4558"/><Cube currency="RON" rate="4.9515"/><Cube currency="SEK" rate="11.8295"/><Cube currency="CHF" rate="0.9782"/><Cube currency="ISK" rate="149.3"/><Cube currency="NOK" rate="11.6455"/><Cube currency="TRY" rate="28.3828"/><Cube currency="AUD" rate="1.6329"/><Cube currency="BRL" rate="5.2933"/><Cube currency="CAD" rate="1.4447"/><Cube currency="CNY" rate="7.8798"/><Cube currency="HKD" rate="8.5108"/><Cube currency="IDR" rate="16380.93"/><Cube currency="ILS" rate="4.0239"/><Cube currency="INR" rate="89.5175"/><Cube currency="KRW" rate="1415.29"/><Cube currency="MXN" rate="18.5602"/><Cube currency="MYR" rate="5.062"/><Cube currency="NZD" rate="1.759"/><Cube currency="PHP" rate="60.328"/><Cube currency="SGD" rate="1.4714"/><Cube currency="THB" rate="37.979"/><Cube currency="ZAR" rate="20.3894"/></Cube>
<Cube time="2023-07-04"><Cube currency="USD" rate="1.0895"/><Cube currency="JPY" rate="157.34"/><Cube currency="BGN" rate="1.9558"/><Cube currency="CZK" rate="23.695"/><Cube currency="DKK" rate="7.4479"/><Cube currency="GBP" rate="0.85673"/><Cube currency="HUF" rate="375.39"/><Cube currency="PLN" rate="4.4215"/><Cube currency="RON" rate="4.9485"/><Cube currency="SEK" rate="11.812"/><Cube currency="CHF" rate="0.9762"/><Cube currency="ISK" rate="149.1"/><Cube currency="NOK" rate="11.5958"/><Cube currency="TRY" rate="28.3858"/><Cube currency="AUD" rate="1.6286"/><Cube currency="BRL" rate="5.2293"/><Cube currency="CAD" rate="1.4403"/><Cube currency="CNY" rate="7.8646"/><Cube currency="HKD" rate="8.5314"/><Cube currency="IDR" rate="16357.26"/><Cube currency="ILS" rate="4.0341"/><Cube currency="INR" rate="89.358"/><Cube currency="KRW" rate="1414.61"/><Cube currency="MXN" rate="18.5663"/><Cube currency="MYR" rate="5.0684"/><Cube currency="NZD" rate="1.7604"/><Cube currency="PHP" rate="60.165"/><Cube currency="SGD" rate="1.4694"/><Cube currency="THB" rate="38.034"/><Cube currency="ZAR" rate="20.3147"/></Cube>
<Cube time="2023-07-03"><Cube currency="USD" rate="1.0899"/><Cube currency="JPY" rate="157.81"/><Cube currency="BGN" rate="1.9558"/><Cube currency="CZK" rate="23.711"/><Cube currency="DKK" rate="7.4468"/><Cube currency="GBP" rate="0.8598"/><Cube currency="HUF" rate="375.03"/><Cube currency="PLN" rate="4.4385"/><Cube currency="RON" rate="4.9532"/><Cube currency="SEK" rate="11.833"/><Cube currency="CHF" rate="0.98"/><Cube currency="ISK" rate="149.5"/><Cube currency="NOK" rate="11.6945"/><Cube currency="TRY" rate="28.4225"/><Cube currency="AUD" rate="1.6383"/><Cube currency="BRL" rate="5.2083"/><Cube currency="CAD" rate="1.4441"/><Cube currency="CNY" rate="7.9007"/><Cube currency="HKD" rate="8.5402"/><Cube currency="IDR" rate="16412.6"/><Cube currency="ILS" rate="4.0467"/><Cube currency="INR" rate="89.3225"/><Cube currency="KRW" rate="1425.74"/><Cube currency="MXN" rate="18.661"/><Cube currency="MYR" rate="5.0871"/><Cube currency="NZD" rate="1.7755"/><Cube currency="PHP" rate="60.27"/><Cube currency="SGD" rate="1.4736"/><Cube currency="THB" rate="38.343"/><Cube currency="ZAR" rate="20.4435"/></Cube>
<Cube time="2023-06-30"><Cube currency="USD" rate="1.0866"/><Cube currency="JPY" rate="157.16"/><Cube currency="BGN" rate="1.9558"/><Cube currency="CZK" rate="23.742"/><Cube currency="DKK" rate="7.4474"/><Cube currency="GBP" rate="0.85828"/><Cube currency="HUF" rate="371.93"/><Cube currency="PLN" rate="4.4388"/><Cube currency="RON" rate="4.9635"/><Cube currency="SEK" rate="11.8055"/><Cube currency="CHF" rate="0.9788"/><Cube currency="ISK" rate="148.7"/><Cube currency="NOK" rate="11.704"/><Cube currency="TRY" rate="28.3193"/><Cube currency="AUD" rate="1.6398"/><Cube currency="BRL" rate="5.2788"/><Cube currency="CAD" rate="1.4415"/><Cube currency="CNY" rate="7.8983"/><Cube currency="HKD" rate="8.5157"/><Cube currency="IDR" rate="16384.54"/><Cube currency="ILS" rate="4.0486"/><Cube currency="INR" rate="89.2065"/><Cube currency="KRW" rate="1435.88"/><Cube currency="MXN" rate="18.5614"/><Cube currency="MYR" rate="5.0717"/><Cube currency="NZD" rate="1.7858"/><Cube currency="PHP" rate="60.082"/><Cube currency="SGD" rate="1.4732"/><Cube currency="THB" rate="38.482"/><Cube currency="ZAR" rate="20.5785"/></Cube>
<Cube time="2023-06-29"><Cube currency="USD" rate="1.0938"/><Cube currency="JPY" rate="157.74"/><Cube currency="BGN" rate="1.9558"/><Cube currency="CZK" rate="23.686"/><Cube currency="DKK" rate="7.4476"/><Cube currency="GBP" rate="0.864"/><Cube currency="HUF" rate="370.9"/><Cube currency="PLN" rate="4.4485"/><Cube currency="RON" rate="4.9638"/><Cube currency="SEK" rate="11.8175"/><Cube currency="CHF" rate="0.9783"/><Cube currency="ISK" rate="149.1"/><Cube currency="NOK" rate="11.7645"/><Cube currency="TRY" rate="28.4788"/><Cube currency="AUD" rate="1.648"/><Cube currency="BRL" rate="5.3006"/><Cube currency="CAD" rate="1.4503"/><Cube currency="CNY" rate="7.914"/><Cube currency="HKD" rate="8.5713"/><Cube currency="IDR" rate="16408.12"/><Cube currency="ILS" rate="4.0439"/><Cube currency="INR" rate="89.7065"/><Cube currency="KRW" rate="1438.77"/><Cube currency="MXN" rate="18.6836"/><Cube currency="MYR" rate="5.1097"/><Cube currency="NZD" rate="1.7937"/><Cube currency="PHP" rate="60.46"/><Cube currency="SGD" rate="1.479"/><Cube currency="THB" rate="38.928"/><Cube currency="ZAR" rate="20.4645"/></Cube>
<Cube time="2023-06-28"><Cube currency="USD" rate="1.0938"/><Cube currency="JPY" rate="157.82"/><Cube currency="BGN" rate="1.9558"/><Cube currency="CZK" rate="23.683"/><Cube currency="DKK" rate="7.4469"/><Cube currency="GBP" rate="0.8642"/><Cube currency="HUF" rate="371.73"/><Cube currency="PLN" rate="4.4763"/><Cube currency="RON" rate="4.9604"/><Cube currency="SEK" rate="11.795"/><Cube currency="CHF" rate="0.9822"/><Cube currency="ISK" rate="148.5"/><Cube currency="NOK" rate="11.8395"/><Cube currency="TRY" rate="28.5166"/><Cube currency="AUD" rate="1.6525"/><Cube currency="BRL" rate="5.294"/><Cube currency="CAD" rate="1.4491"/><Cube currency="CNY" rate="7.9262"/><Cube currency="HKD" rate="8.5667"/><Cube currency="IDR" rate="16398.98"/><Cube currency="ILS" rate="4.0212"/><Cube currency="INR" rate="89.7465"/><Cube currency="KRW" rate="1434.33"/><Cube currency="MXN" rate="18.6835"/><Cube currency="MYR" rate="5.1097"/><Cube currency="NZD" rate="1.7992"/><Cube currency="PHP" rate="60.4"/><Cube currency="SGD" rate="1.4799"/><Cube currency="THB" rate="38.95"/><Cube currency="ZAR" rate="20.4828"/></Cube>
<Cube time="2023-06-27"><Cube currency="USD" rate="1.0951"/><Cube currency="JPY" rate="157.14"/><Cube currency="BGN" rate="1.9558"/><Cube currency="CZK" rate="23.609"/><Cube currency="DKK" rate="7.4474"/><Cube currency="GBP" rate="0.8599"/><Cube currency="HUF" rate="368.5"/><Cube currency="PLN" rate="4.4283"/><Cube currency="RON" rate="4.961"/><Cube currency="SEK" rate="11.7405"/><Cube currency="CHF" rate="0.9789"/><Cube currency="ISK" rate="148.9"/><Cube currency="NOK" rate="11.7563"/><Cube currency="TRY" rate="28.5192"/><Cube currency="AUD" rate="1.6369"/><Cube currency="BRL" rate="5.2311"/><Cube currency="CAD" rate="1.4408"/><Cube currency="CNY" rate="7.8976"/><Cube currency="HKD" rate="8.5782"/><Cube currency="IDR" rate="16427.69"/><Cube currency="ILS" rate="3.983"/><Cube currency="INR" rate="89.7945"/><Cube currency="KRW" rate="1424.2"/><Cube currency="MXN" rate="18.7091"/><Cube currency="MYR" rate="5.1097"/><Cube currency="NZD" rate="1.7739"/><Cube currency="PHP" rate="60.547"/><Cube currency="SGD" rate="1.4767"/><Cube currency="THB" rate="38.602"/><Cube currency="ZAR" rate="20.2234"/></Cube>
<Cube time="2023-06-26"><Cube currency="USD" rate="1.0918"/><Cube currency="JPY" rate="156.41"/><Cube currency="BGN" rate="1.9558"/><Cube currency="CZK" rate="23.649"/><Cube currency="DKK" rate="7.4458"/><Cube currency="GBP" rate="0.85878"/><Cube currency="HUF" rate="369.1"/><Cube currency="PLN" rate="4.4363"/><Cube currency="RON" rate="4.9561"/><Cube currency="SEK" rate="11.6825"/><Cube currency="CHF" rate="0.9737"/><Cube currency="ISK" rate="148.9"/><Cube currency="NOK" rate="11.708"/><Cube currency="TRY" rate="28.2813"/><Cube currency="AUD" rate="1.6346"/><Cube currency="BRL" rate="5.2177"/><Cube currency="CAD" rate="1.4354"/><Cube currency="CNY" rate="7.8972"/><Cube currency="HKD" rate="8.5481"/><Cube currency="IDR" rate="16438.22"/><Cube currency="ILS" rate="3.9565"/><Cube currency="INR" rate="89.5565"/><Cube currency="KRW" rate="1425.57"/><Cube currency="MXN" rate="18.6863"/><Cube currency="MYR" rate="5.1025"/><Cube currency="NZD" rate="1.769"/><Cube currency="PHP" rate="60.863"/><Cube currency="SGD" rate="1.4765"/><Cube currency="THB" rate="38.399"/><Cube currency="ZAR" rate="20.3145"/></Cube>
<Cube time="2023-06-23"><Cube currency="USD" rate="1.0884"/><Cube currency="JPY" rate="155.84"/><Cube currency="BGN" rate="1.9558"/><Cube currency="CZK" rate="23.654"/><Cube currency="DKK" rate="7.4485"/><Cube currency="GBP" rate="0.85479"/><Cube currency="HUF" rate="369.9"/><Cube currency="PLN" rate="4.4238"/><Cube currency="RON" rate="4.9538"/><Cube currency="SEK" rate="11.675"/><Cube currency="CHF" rate="0.9773"/><Cube currency="ISK" rate="148.9"/><Cube currency="NOK" rate="11.8565"/><Cube currency="TRY" rate="27.4781"/><Cube currency="AUD" rate="1.6285"/><Cube currency="BRL" rate="5.2235"/><Cube currency="CAD" rate="1.438"/><Cube currency="CNY" rate="7.8141"/><Cube currency="HKD" rate="8.5216"/><Cube currency="IDR" rate="16337.69"/><Cube currency="ILS" rate="3.9401"/><Cube currency="INR" rate="89.2205"/><Cube currency="KRW" rate="1425.92"/><Cube currency="MXN" rate="18.7706"/><Cube currency="MYR" rate="5.0899"/><Cube currency="NZD" rate="1.7758"/><Cube currency="PHP" rate="60.696"/><Cube currency="SGD" rate="1.4726"/><Cube currency="THB" rate="38.323"/><Cube currency="ZAR" rate="20.3652"/></Cube>
<Cube time="2023-06-22"><Cube currency="USD" rate="1.0985"/><Cube currency="JPY" rate="156.05"/><Cube currency="BGN" rate="1.9558"/><Cube currency="CZK" rate="23.683"/><Cube currency="DKK" rate="7.4486"/><Cube currency="GBP" rate="0.86115"/><Cube currency="HUF" rate="369.43"/><Cube currency="PLN" rate="4.4253"/><Cube currency="RON" rate="4.9631"/><Cube currency="SEK" rate="11.7224"/><Cube currency="CHF" rate="0.9825"/><Cube currency="ISK" rate="148.5"/><Cube currency="NOK" rate="11.599"/><Cube currency="TRY" rate="26.6249"/><Cube currency="AUD" rate="1.6194"/><Cube currency="BRL" rate="5.2331"/><Cube currency="CAD" rate="1.4463"/><Cube currency="CNY" rate="7.8866"/><Cube currency="HKD" rate="8.5987"/><Cube currency="IDR" rate="16425.99"/><Cube currency="ILS" rate="3.9847"/><Cube currency="INR" rate="90.03"/><Cube currency="KRW" rate="1424.62"/><Cube currency="MXN" rate="18.8431"/><Cube currency="MYR" rate="5.1091"/><Cube currency="NZD" rate="1.7698"/><Cube currency="PHP" rate="61.133"/><Cube currency="SGD" rate="1.4741"/><Cube currency="THB" rate="38.535"/><Cube currency="ZAR" rate="20.2575"/></Cube>
<Cube time="2023-06-21"><Cube currency="USD" rate="1.0923"/><Cube currency="JPY" rate="154.89"/><Cube currency="BGN" rate="1.9558"/><Cube currency="CZK" rate="23.763"/><Cube currency="DKK" rate="7.4479"/><Cube currency="GBP" rate="0.85828"/><Cube currency="HUF" rate="369.9"/><Cube currency="PLN" rate="4.4328"/><Cube currency="RON" rate="4.9625"/><Cube currency="SEK" rate="11.7563"/><Cube currency="CHF" rate="0.9803"/><Cube currency="ISK" rate="148.3"/><Cube currency="NOK" rate="11.747"/><Cube currency="TRY" rate="25.7343"/><Cube currency="AUD" rate="1.6154"/><Cube currency="BRL" rate="5.2273"/><Cube currency="CAD" rate="1.4435"/><Cube currency="CNY" rate="7.8519"/><Cube currency="HKD" rate="8.551"/><Cube currency="IDR" rate="16330.8"/><Cube currency="ILS" rate="3.9404"/><Cube currency="INR" rate="89.5765"/><Cube currency="KRW" rate="1413.88"/><Cube currency="MXN" rate="18.7393"/><Cube currency="MYR" rate="5.0737"/><Cube currency="NZD" rate="1.7697"/><Cube currency="PHP" rate="60.747"/><Cube currency="SGD" rate="1.4678"/><Cube currency="THB" rate="38.056"/><Cube currency="ZAR" rate="20.0783"/></Cube>
<Cube time="2023-06-20"><Cube currency="USD" rate="1.0933"/><Cube currency="JPY" rate="154.51"/><Cube currency="BGN" rate="1.9558"/><Cube currency="CZK" rate="23.756"/><Cube currency="DKK" rate="7.4491"/><Cube currency="GBP" rate="0.85705"/><Cube currency="HUF" rate="372.55"/><Cube currency="PLN" rate="4.4463"/><Cube currency="RON" rate="4.9629"/><Cube currency="SEK" rate="11.758"/><Cube currency="CHF" rate="0.9808"/><Cube currency="ISK" rate="149.1"/><Cube currency="NOK" rate="11.7155"/><Cube currency="TRY" rate="25.7687"/><Cube currency="AUD" rate="1.612"/><Cube currency="BRL" rate="5.2376"/><Cube currency="CAD" rate="1.4473"/><Cube currency="CNY" rate="7.8462"/><Cube currency="HKD" rate="8.556"/><Cube currency="IDR" rate="16410.11"/><Cube currency="ILS" rate="3.9424"/><Cube currency="INR" rate="89.7525"/><Cube currency="KRW" rate="1406.33"/><Cube currency="MXN" rate="18.6991"/><Cube currency="MYR" rate="5.0729"/><Cube currency="NZD" rate="1.7714"/><Cube currency="PHP" rate="60.763"/><Cube currency="SGD" rate="1.4688"/><Cube currency="THB" rate="37.981"/><Cube currency="ZAR" rate="19.9724"/></Cube>
<Cube time="2023-06-19"><Cube currency="USD" rate="1.0922"/><Cube currency="JPY" rate="154.94"/><Cube currency="BGN" rate="1.9558"/><Cube currency="CZK" rate="23.778"/><Cube currency="DKK" rate="7.4498"/><Cube currency="GBP" rate="0.85268"/><Cube currency="HUF" rate="374.4"/><Cube currency="PLN" rate="4.457"/><Cube currency="RON" rate="4.9588"/><Cube currency="SEK" rate="11.6943"/><Cube currency="CHF" rate="0.9772"/><Cube currency="ISK" rate="149.1"/><Cube currency="NOK" rate="11.6335"/><Cube currency="TRY" rate="25.825"/><Cube currency="AUD" rate="1.5964"/><Cube currency="BRL" rate="5.2588"/><Cube currency="CAD" rate="1.4411"/><Cube currency="CNY" rate="7.8182"/><Cube currency="HKD" rate="8.5379"/><Cube currency="IDR" rate="16381.19"/><Cube currency="ILS" rate="3.9408"/><Cube currency="INR" rate="89.5125"/><Cube currency="KRW" rate="1400.93"/><Cube currency="MXN" rate="18.6768"/><Cube currency="MYR" rate="5.0542"/><Cube currency="NZD" rate="1.7625"/><Cube currency="PHP" rate="60.883"/><Cube currency="SGD" rate="1.4646"/><Cube currency="THB" rate="37.987"/><Cube currency="ZAR" rate="19.8497"/></Cube>
<Cube time="2023-06-16"><Cube currency="USD" rate="1.0966"/><Cube currency="JPY" rate="154.65"/><Cube currency="BGN" rate="1.9558"/><Cube currency="CZK" rate="23.817"/><Cube currency="DKK" rate="7.4505"/><Cube currency="GBP" rate="0.85428"/><Cube currency="HUF" rate="373"/><Cube currency="PLN" rate="4.4728"/><Cube currency="RON" rate="4.961"/><Cube currency="SEK" rate="11.5925"/><Cube currency="CHF" rate="0.977"/><Cube currency="ISK" rate="149.5"/><Cube currency="NOK" rate="11.517"/><Cube currency="TRY" rate="25.9491"/><Cube currency="AUD" rate="1.5941"/><Cube currency="BRL" rate="5.279"/><Cube currency="CAD" rate="1.45"/><Cube currency="CNY" rate="7.81"/><Cube currency="HKD" rate="8.5799"/><Cube currency="IDR" rate="16387.75"/><Cube currency="ILS" rate="3.9024"/><Cube currency="INR" rate="89.7953"/><Cube currency="KRW" rate="1397.67"/><Cube currency="MXN" rate="18.7771"/><Cube currency="MYR" rate="5.0603"/><Cube currency="NZD" rate="1.7591"/><Cube currency="PHP" rate="61.246"/><Cube currency="SGD" rate="1.4647"/><Cube currency="THB" rate="37.953"/><Cube currency="ZAR" rate="19.9021"/></Cube>
<Cube time="2023-06-15"><Cube currency="USD" rate="1.0819"/><Cube currency="JPY" rate="152.86"/><Cube currency="BGN" rate="1.9558"/><Cube currency="CZK" rate="23.751"/><Cube currency="DKK" rate="7.4523"/><Cube currency="GBP" rate="0.85555"/><Cube currency="HUF" rate="376.03"/><Cube currency="PLN" rate="4.4693"/><Cube currency="RON" rate="4.9578"/><Cube currency="SEK" rate="11.6206"/><Cube currency="CHF" rate="0.9761"/><Cube currency="ISK" rate="149.3"/><Cube currency="NOK" rate="11.5025"/><Cube currency="TRY" rate="25.6112"/><Cube currency="AUD" rate="1.5924"/><Cube currency="BRL" rate="5.2244"/><Cube currency="CAD" rate="1.4415"/><Cube currency="CNY" rate="7.7491"/><Cube currency="HKD" rate="8.4661"/><Cube currency="IDR" rate="16208.51"/><Cube currency="ILS" rate="3.881"/><Cube currency="INR" rate="88.9825"/><Cube currency="KRW" rate="1387.6"/><Cube currency="MXN" rate="18.5832"/><Cube currency="MYR" rate="5.0049"/><Cube currency="NZD" rate="1.7559"/><Cube currency="PHP" rate="60.638"/><Cube currency="SGD" rate="1.4543"/><Cube currency="THB" rate="37.693"/><Cube currency="ZAR" rate="19.9252"/></Cube>
<Cube time="2023-06-14"><Cube currency="USD" rate="1.0809"/><Cube currency="JPY" rate="151.21"/><Cube currency="BGN" rate="1.9558"/><Cube currency="CZK" rate="23.796"/><Cube currency="DKK" rate="7.4529"/><Cube currency="GBP" rate="0.85455"/><Cube currency="HUF" rate="370.8"/><Cube currency="PLN" rate="4.4553"/><Cube currency="RON" rate="4.956"/><Cube currency="SEK" rate="11.5605"/><Cube currency="CHF" rate="0.9751"/><Cube currency="ISK" rate="148.7"/><Cube currency="NOK" rate="11.476"/><Cube currency="TRY" rate="25.4895"/><Cube currency="AUD" rate="1.5915"/><Cube currency="BRL" rate="5.2489"/><Cube currency="CAD" rate="1.4378"/><Cube currency="CNY" rate="7.7363"/><Cube currency="HKD" rate="8.4645"/><Cube currency="IDR" rate="16100.2"/><Cube currency="ILS" rate="3.8932"/><Cube currency="INR" rate="88.6945"/><Cube currency="KRW" rate="1380.92"/><Cube currency="MXN" rate="18.6113"/><Cube currency="MYR" rate="4.9954"/><Cube currency="NZD" rate="1.7501"/><Cube currency="PHP" rate="60.437"/><Cube currency="SGD" rate="1.4499"/><Cube currency="THB" rate="37.518"/><Cube currency="ZAR" rate="19.912"/></Cube>
<Cube time="2023-06-13"><Cube currency="USD" rate="1.0793"/><Cube currency="JPY" rate="150.62"/><Cube currency="BGN" rate="1.9558"/><Cube currency="CZK" rate="23.813"/><Cube currency="DKK" rate="7.4524"/><Cube currency="GBP" rate="0.8585"/><Cube currency="HUF" rate="371.13"/><Cube currency="PLN" rate="4.475"/><Cube currency="RON" rate="4.9627"/><Cube currency="SEK" rate="11.64"/><Cube currency="CHF" rate="0.9784"/><Cube currency="ISK" rate="149.5"/><Cube currency="NOK" rate="11.6235"/><Cube currency="TRY" rate="25.5471"/><Cube currency="AUD" rate="1.5922"/><Cube currency="BRL" rate="5.2469"/><Cube currency="CAD" rate="1.4403"/><Cube currency="CNY" rate="7.7167"/><Cube currency="HKD" rate="8.455"/><Cube currency="IDR" rate="16044.83"/><Cube currency="ILS" rate="3.8536"/><Cube currency="INR" rate="88.863"/><Cube currency="KRW" rate="1373.73"/><Cube currency="MXN" rate="18.6655"/><Cube currency="MYR" rate="4.9831"/><Cube currency="NZD" rate="1.7564"/><Cube currency="PHP" rate="60.252"/><Cube currency="SGD" rate="1.4467"/><Cube currency="THB" rate="37.279"/><Cube currency="ZAR" rate="20.1087"/></Cube>
<Cube time="2023-06-12"><Cube currency="USD" rate="1.0765"/><Cube currency="JPY" rate="150.03"/><Cube currency="BGN" rate="1.9558"/><Cube currency="CZK" rate="23.759"/><Cube currency="DKK" rate="7.452"/><Cube currency="GBP" rate="0.85678"/><Cube currency="HUF" rate="368.15"/><Cube currency="PLN" rate="4.4395"/><Cube currency="RON" rate="4.9568"/><Cube currency="SEK" rate="11.6185"/><Cube currency="CHF" rate="0.9751"/><Cube currency="ISK" rate="149.5"/><Cube currency="NOK" rate="11.634"/><Cube currency="TRY" rate="25.3874"/><Cube currency="AUD" rate="1.592"/><Cube currency="BRL" rate="5.2549"/><Cube currency="CAD" rate="1.4357"/><Cube currency="CNY" rate="7.6888"/><Cube currency="HKD" rate="8.4326"/><Cube currency="IDR" rate="15996.85"/><Cube currency="ILS" rate="3.8627"/><Cube currency="INR" rate="88.733"/><Cube currency="KRW" rate="1385.76"/><Cube currency="MXN" rate="18.5997"/><Cube currency="MYR" rate="4.9734"/><Cube currency="NZD" rate="1.754"/><Cube currency="PHP" rate="60.326"/><Cube currency="SGD" rate="1.4457"/><Cube currency="THB" rate="37.236"/><Cube currency="ZAR" rate="19.983"/></Cube>
<Cube time="2023-06-09"><Cube currency="USD" rate="1.078"/><Cube currency="JPY" rate="150.24"/><Cube currency="BGN" rate="1.9558"/><Cube currency="CZK" rate="23.666"/><Cube currency="DKK" rate="7.4505"/><Cube currency="GBP" rate="0.85795"/><Cube currency="HUF" rate="368.73"/><Cube currency="PLN" rate="4.4605"/><Cube currency="RON" rate="4.9566"/><Cube currency="SEK" rate="11.673"/><Cube currency="CHF" rate="0.9716"/><Cube currency="ISK" rate="149.5"/><Cube currency="NOK" rate="11.612"/><Cube currency="TRY" rate="25.1244"/><Cube currency="AUD" rate="1.6023"/><Cube currency="BRL" rate="5.2965"/><Cube currency="CAD" rate="1.4362"/><Cube currency="CNY" rate="7.6839"/><Cube currency="HKD" rate="8.4493"/><Cube currency="IDR" rate="15996.72"/><Cube currency="ILS" rate="3.8816"/><Cube currency="INR" rate="88.89"/><Cube currency="KRW" rate="1391.11"/><Cube currency="MXN" rate="18.7356"/><Cube currency="MYR" rate="4.9739"/><Cube currency="NZD" rate="1.7627"/><Cube currency="PHP" rate="60.426"/><Cube currency="SGD" rate="1.448"/><Cube currency="THB" rate="37.277"/><Cube currency="ZAR" rate="20.1806"/></Cube>
<Cube time="2023-06-08"><Cube currency="USD" rate="1.0737"/><Cube currency="JPY" rate="149.98"/><Cube currency="BGN" rate="1.9558"/><Cube currency="CZK" rate="23.625"/><Cube currency="DKK" rate="7.4498"/><Cube currency="GBP" rate="0.86113"/><Cube currency="HUF" rate="368.65"/><Cube currency="PLN" rate="4.4788"/><Cube currency="RON" rate="4.953"/><Cube currency="SEK" rate="11.648"/><Cube currency="CHF" rate="0.9751"/><Cube currency="ISK" rate="149.5"/><Cube currency="NOK" rate="11.758"/><Cube currency="TRY" rate="25.0875"/><Cube currency="AUD" rate="1.6061"/><Cube currency="BRL" rate="5.2866"/><Cube currency="CAD" rate="1.4342"/><Cube currency="CNY" rate="7.6541"/><Cube currency="HKD" rate="8.4126"/><Cube currency="IDR" rate="15979.46"/><Cube currency="ILS" rate="3.9336"/><Cube currency="INR" rate="88.617"/><Cube currency="KRW" rate="1399.86"/><Cube currency="MXN" rate="18.6188"/><Cube currency="MYR" rate="4.9589"/><Cube currency="NZD" rate="1.7696"/><Cube currency="PHP" rate="60.228"/><Cube currency="SGD" rate="1.446"/><Cube currency="THB" rate="37.408"/><Cube currency="ZAR" rate="20.3284"/></Cube>
<Cube time="2023-06-07"><Cube currency="USD" rate="1.0717"/><Cube currency="JPY" rate="149.42"/><Cube currency="BGN" rate="1.9558"/><Cube currency="CZK" rate="23.625"/><Cube currency="DKK" rate="7.4494"/><Cube currency="GBP" rate="0.8597"/><Cube currency="HUF" rate="368.73"/><Cube currency="PLN" rate="4.4695"/><Cube currency="RON" rate="4.9586"/><Cube currency="SEK" rate="11.6255"/><Cube currency="CHF" rate="0.9704"/><Cube currency="ISK" rate="150.5"/><Cube currency="NOK" rate="11.7975"/><Cube currency="TRY" rate="24.7925"/><Cube currency="AUD" rate="1.6004"/><Cube currency="BRL" rate="5.2607"/><Cube currency="CAD" rate="1.4351"/><Cube currency="CNY" rate="7.6235"/><Cube currency="HKD" rate="8.4029"/><Cube currency="IDR" rate="15901.74"/><Cube currency="ILS" rate="3.9145"/><Cube currency="INR" rate="88.416"/><Cube currency="KRW" rate="1394.04"/><Cube currency="MXN" rate="18.6078"/><Cube currency="MYR" rate="4.9271"/><Cube currency="NZD" rate="1.764"/><Cube currency="PHP" rate="60.002"/><Cube currency="SGD" rate="1.4432"/><Cube currency="THB" rate="37.231"/><Cube currency="ZAR" rate="20.3986"/></Cube>
<Cube time="2023-06-06"><Cube currency="USD" rate="1.0683"/><Cube currency="JPY" rate="149.09"/><Cube currency="BGN" rate="1.9558"/><Cube currency="CZK" rate="23.52"/><Cube currency="DKK" rate="7.4494"/><Cube currency="GBP" rate="0.86103"/><Cube currency="HUF" rate="368.63"/><Cube currency="PLN" rate="4.4915"/><Cube currency="RON" rate="4.9592"/><Cube currency="SEK" rate="11.6215"/><Cube currency="CHF" rate="0.9698"/><Cube currency="ISK" rate="151.1"/><Cube currency="NOK" rate="11.8775"/><Cube currency="TRY" rate="22.9762"/><Cube currency="AUD" rate="1.6038"/><Cube currency="BRL" rate="5.2538"/><Cube currency="CAD" rate="1.4342"/><Cube currency="CNY" rate="7.604"/><Cube currency="HKD" rate="8.3777"/><Cube currency="IDR" rate="15891.22"/><Cube currency="ILS" rate="3.9529"/><Cube currency="INR" rate="88.2295"/><Cube currency="KRW" rate="1388.93"/><Cube currency="MXN" rate="18.6436"/><Cube currency="MYR" rate="4.9222"/><Cube currency="NZD" rate="1.7579"/><Cube currency="PHP" rate="60.064"/><Cube currency="SGD" rate="1.4411"/><Cube currency="THB" rate="37.161"/><Cube currency="ZAR" rate="20.5593"/></Cube>
<Cube time="2023-06-05"><Cube currency="USD" rate="1.069"/><Cube currency="JPY" rate="149.96"/><Cube currency="BGN" rate="1.9558"/><Cube currency="CZK" rate="23.573"/><Cube currency="DKK" rate="7.4484"/><Cube currency="GBP" rate="0.86323"/><Cube currency="HUF" rate="369.28"/><Cube currency="PLN" rate="4.4735"/><Cube currency="RON" rate="4.9653"/><Cube currency="SEK" rate="11.642"/><Cube currency="CHF" rate="0.9732"/><Cube currency="ISK" rate="150.9"/><Cube currency="NOK" rate="11.8275"/><Cube currency="TRY" rate="22.6964"/><Cube currency="AUD" rate="1.6219"/><Cube currency="BRL" rate="5.2959"/><Cube currency="CAD" rate="1.4367"/><Cube currency="CNY" rate="7.6062"/><Cube currency="HKD" rate="8.3787"/><Cube currency="IDR" rate="15896.16"/><Cube currency="ILS" rate="3.9996"/><Cube currency="INR" rate="88.3255"/><Cube currency="KRW" rate="1396.49"/><Cube currency="MXN" rate="18.7675"/><Cube currency="MYR" rate="4.8933"/><Cube currency="NZD" rate="1.7662"/><Cube currency="PHP" rate="60.067"/><Cube currency="SGD" rate="1.4451"/><Cube currency="THB" rate="37.287"/><Cube currency="ZAR" rate="20.6855"/></Cube>
<Cube time="2023-06-02"><Cube currency="USD" rate="1.0763"/><Cube currency="JPY" rate="149.46"/><Cube currency="BGN" rate="1.9558"/><Cube currency="CZK" rate="23.657"/><Cube currency="DKK" rate="7.4488"/><Cube currency="GBP" rate="0.8593"/><Cube currency="HUF" rate="371.36"/><Cube currency="PLN" rate="4.4975"/><Cube currency="RON" rate="4.9622"/><Cube currency="SEK" rate="11.5505"/><Cube currency="CHF" rate="0.9758"/><Cube currency="ISK" rate="150.1"/><Cube currency="NOK" rate="11.845"/><Cube currency="TRY" rate="22.4742"/><Cube currency="AUD" rate="1.6248"/><Cube currency="BRL" rate="5.3752"/><Cube currency="CAD" rate="1.4443"/><Cube currency="CNY" rate="7.6065"/><Cube currency="HKD" rate="8.4346"/><Cube currency="IDR" rate="15975.82"/><Cube currency="ILS" rate="4.0311"/><Cube currency="INR" rate="88.638"/><Cube currency="KRW" rate="1401.66"/><Cube currency="MXN" rate="18.8527"/><Cube currency="MYR" rate="4.9268"/><Cube currency="NZD" rate="1.7652"/><Cube currency="PHP" rate="60.132"/><Cube currency="SGD" rate="1.4474"/><Cube currency="THB" rate="37.251"/><Cube currency="ZAR" rate="20.9461"/></Cube>
<Cube time="2023-06-01"><Cube currency="USD" rate="1.0697"/><Cube currency="JPY" rate="149.25"/><Cube currency="BGN" rate="1.9558"/><Cube currency="CZK" rate="23.687"/><Cube currency="DKK" rate="7.4477"/><Cube currency="GBP" rate="0.85823"/><Cube currency="HUF" rate="370.42"/><Cube currency="PLN" rate="4.541"/><Cube currency="RON" rate="4.9645"/><Cube currency="SEK" rate="11.6455"/><Cube currency="CHF" rate="0.9732"/><Cube currency="ISK" rate="149.7"/><Cube currency="NOK" rate="11.967"/><Cube currency="TRY" rate="22.252"/><Cube currency="AUD" rate="1.6407"/><Cube currency="BRL" rate="5.4032"/><Cube currency="CAD" rate="1.4514"/><Cube currency="CNY" rate="7.6066"/><Cube currency="HKD" rate="8.3786"/><Cube currency="IDR" rate="15964.76"/><Cube currency="ILS" rate="3.997"/><Cube currency="INR" rate="88.207"/><Cube currency="KRW" rate="1413.23"/><Cube currency="MXN" rate="18.8695"/><Cube currency="MYR" rate="4.9351"/><Cube currency="NZD" rate="1.7775"/><Cube currency="PHP" rate="60.057"/><Cube currency="SGD" rate="1.4466"/><Cube currency="THB" rate="37.204"/><Cube currency="ZAR" rate="21.1567"/></Cube>
<Cube time="2023-05-31"><Cube currency="USD" rate="1.0683"/><Cube currency="JPY" rate="149.13"/><Cube currency="BGN" rate="1.9558"/><Cube currency="CZK" rate="23.741"/><Cube currency="DKK" rate="7.448"/><Cube currency="GBP" rate="0.86405"/><Cube currency="HUF" rate="370.85"/><Cube currency="PLN" rate="4.5368"/><Cube currency="RON" rate="4.9695"/><Cube currency="SEK" rate="11.6278"/><Cube currency="CHF" rate="0.9724"/><Cube currency="ISK" rate="149.7"/><Cube currency="NOK" rate="12.0045"/><Cube currency="TRY" rate="22.132"/><Cube currency="AUD" rate="1.6497"/><Cube currency="BRL" rate="5.4288"/><Cube currency="CAD" rate="1.4582"/><Cube currency="CNY" rate="7.5926"/><Cube currency="HKD" rate="8.3696"/><Cube currency="IDR" rate="16030.39"/><Cube currency="ILS" rate="3.9713"/><Cube currency="INR" rate="88.34"/><Cube currency="KRW" rate="1416.29"/><Cube currency="MXN" rate="18.9263"/><Cube currency="MYR" rate="4.9307"/><Cube currency="NZD" rate="1.7793"/><Cube currency="PHP" rate="60.053"/><Cube currency="SGD" rate="1.4467"/><Cube currency="THB" rate="37.134"/><Cube currency="ZAR" rate="21.1353"/></Cube>
<Cube time="2023-05-30"><Cube currency="USD" rate="1.0744"/><Cube currency="JPY" rate="150.01"/><Cube currency="BGN" rate="1.9558"/><Cube currency="CZK" rate="23.709"/><Cube currency="DKK" rate="7.4486"/><Cube currency="GBP" rate="0.86365"/><Cube currency="HUF" rate="370.4"/><Cube currency="PLN" rate="4.5235"/><Cube currency="RON" rate="4.963"/><Cube currency="SEK" rate="11.634"/><Cube currency="CHF" rate="0.969"/><Cube currency="ISK" rate="149.3"/><Cube currency="NOK" rate="11.8745"/><Cube currency="TRY" rate="21.9118"/><Cube currency="AUD" rate="1.6397"/><Cube currency="BRL" rate="5.3756"/><Cube currency="CAD" rate="1.4586"/><Cube currency="CNY" rate="7.599"/><Cube currency="HKD" rate="8.4158"/><Cube currency="IDR" rate="16086.45"/><Cube currency="ILS" rate="3.989"/><Cube currency="INR" rate="88.7985"/><Cube currency="KRW" rate="1415.24"/><Cube currency="MXN" rate="18.8465"/><Cube currency="MYR" rate="4.9439"/><Cube currency="NZD" rate="1.7716"/><Cube currency="PHP" rate="60.474"/><Cube currency="SGD" rate="1.45"/><Cube currency="THB" rate="37.26"/><Cube currency="ZAR" rate="21.1269"/></Cube>
<Cube time="2023-05-29"><Cube currency="USD" rate="1.0715"/><Cube currency="JPY" rate="150.29"/><Cube currency="BGN" rate="1.9558"/><Cube currency="CZK" rate="23.693"/><Cube currency="DKK" rate="7.4492"/><Cube currency="GBP" rate="0.86805"/><Cube currency="HUF" rate="371.45"/><Cube currency="PLN" rate="4.52"/><Cube currency="RON" rate="4.96"/><Cube currency="SEK" rate="11.5956"/><Cube currency="CHF" rate="0.9683"/><Cube currency="ISK" rate="149.3"/><Cube currency="NOK" rate="11.9175"/><Cube currency="TRY" rate="21.5394"/><Cube currency="AUD" rate="1.6384"/><Cube currency="BRL" rate="5.346"/><Cube currency="CAD" rate="1.4564"/><Cube currency="CNY" rate="7.582"/><Cube currency="HKD" rate="8.39"/><Cube currency="IDR" rate="16030.07"/><Cube currency="ILS" rate="3.9858"/><Cube currency="INR" rate="88.52"/><Cube currency="KRW" rate="1417.96"/><Cube currency="MXN" rate="18.8519"/><Cube currency="MYR" rate="4.9343"/><Cube currency="NZD" rate="1.7676"/><Cube currency="PHP" rate="60.077"/><Cube currency="SGD" rate="1.4499"/><Cube currency="THB" rate="37.235"/><Cube currency="ZAR" rate="21.0611"/></Cube>
<Cube time="2023-05-26"><Cube currency="USD" rate="1.0751"/><Cube currency="JPY" rate="150.24"/><Cube currency="BGN" rate="1.9558"/><Cube currency="CZK" rate="23.648"/><Cube currency="DKK" rate="7.4489"/><Cube currency="GBP" rate="0.86813"/><Cube currency="HUF" rate="371.61"/><Cube currency="PLN" rate="4.5354"/><Cube currency="RON" rate="4.9572"/><Cube currency="SEK" rate="11.528"/><Cube currency="CHF" rate="0.9707"/><Cube currency="ISK" rate="149.5"/><Cube currency="NOK" rate="11.8218"/><Cube currency="TRY" rate="21.534"/><Cube currency="AUD" rate="1.6439"/><Cube currency="BRL" rate="5.3878"/><Cube currency="CAD" rate="1.463"/><Cube currency="CNY" rate="7.5874"/><Cube currency="HKD" rate="8.423"/><Cube currency="IDR" rate="16085.65"/><Cube currency="ILS" rate="4.018"/><Cube currency="INR" rate="88.8049"/><Cube currency="KRW" rate="1425.46"/><Cube currency="MXN" rate="19.069"/><Cube currency="MYR" rate="4.9465"/><Cube currency="NZD" rate="1.7656"/><Cube currency="PHP" rate="60.011"/><Cube currency="SGD" rate="1.452"/><Cube currency="THB" rate="37.263"/><Cube currency="ZAR" rate="21.0148"/></Cube>
<Cube time="2023-05-25"><Cube currency="USD" rate="1.0735"/><Cube currency="JPY" rate="149.63"/><Cube currency="BGN" rate="1.9558"/><Cube currency="CZK" rate="23.645"/><Cube currency="DKK" rate="7.4502"/><Cube currency="GBP" rate="0.86793"/><Cube currency="HUF" rate="372.3"/><Cube currency="PLN" rate="4.511"/><Cube currency="RON" rate="4.9495"/><Cube currency="SEK" rate="11.549"/><Cube currency="CHF" rate="0.9708"/><Cube currency="ISK" rate="150.7"/><Cube currency="NOK" rate="11.7695"/><Cube currency="TRY" rate="21.3944"/><Cube currency="AUD" rate="1.6443"/><Cube currency="BRL" rate="5.332"/><Cube currency="CAD" rate="1.4599"/><Cube currency="CNY" rate="7.5891"/><Cube currency="HKD" rate="8.4092"/><Cube currency="IDR" rate="16040.83"/><Cube currency="ILS" rate="3.9894"/><Cube currency="INR" rate="88.8055"/><Cube currency="KRW" rate="1424.3"/><Cube currency="MXN" rate="19.0797"/><Cube currency="MYR" rate="4.9655"/><Cube currency="NZD" rate="1.7655"/><Cube currency="PHP" rate="60.132"/><Cube currency="SGD" rate="1.4515"/><Cube currency="THB" rate="37.154"/><Cube currency="ZAR" rate="20.7466"/></Cube>
<Cube time="2023-05-24"><Cube currency="USD" rate="1.0785"/><Cube currency="JPY" rate="149.3"/><Cube currency="BGN" rate="1.9558"/><Cube currency="CZK" rate="23.671"/><Cube currency="DKK" rate="7.4477"/><Cube currency="GBP" rate="0.86993"/><Cube currency="HUF" rate="372.7"/><Cube currency="PLN" rate="4.49"/><Cube currency="RON" rate="4.9614"/><Cube currency="SEK" rate="11.5103"/><Cube currency="CHF" rate="0.9732"/><Cube currency="ISK" rate="151.3"/><Cube currency="NOK" rate="11.8175"/><Cube currency="TRY" rate="21.4487"/><Cube currency="AUD" rate="1.6402"/><Cube currency="BRL" rate="5.3397"/><Cube currency="CAD" rate="1.46"/><Cube currency="CNY" rate="7.6005"/><Cube currency="HKD" rate="8.4462"/><Cube currency="IDR" rate="16063.5"/><Cube currency="ILS" rate="4.0095"/><Cube currency="INR" rate="89.1473"/><Cube currency="KRW" rate="1421.92"/><Cube currency="MXN" rate="19.2493"/><Cube currency="MYR" rate="4.9536"/><Cube currency="NZD" rate="1.7582"/><Cube currency="PHP" rate="60.068"/><Cube currency="SGD" rate="1.4526"/><Cube currency="THB" rate="37.171"/><Cube currency="ZAR" rate="20.7479"/></Cube>
<Cube time="2023-05-23"><Cube currency="USD" rate="1.0779"/><Cube currency="JPY" rate="149.2"/><Cube currency="BGN" rate="1.9558"/><Cube currency="CZK" rate="23.681"/><Cube currency="DKK" rate="7.4475"/><Cube currency="GBP" rate="0.86993"/><Cube currency="HUF" rate="376.45"/><Cube currency="PLN" rate="4.5018"/><Cube currency="RON" rate="4.972"/><Cube currency="SEK" rate="11.4494"/><Cube currency="CHF" rate="0.9718"/><Cube currency="ISK" rate="151.3"/><Cube currency="NOK" rate="11.792"/><Cube currency="TRY" rate="21.3993"/><Cube currency="AUD" rate="1.6282"/><Cube currency="BRL" rate="5.3649"/><Cube currency="CAD" rate="1.4571"/><Cube currency="CNY" rate="7.6039"/><Cube currency="HKD" rate="8.448"/><Cube currency="IDR" rate="16043.23"/><Cube currency="ILS" rate="3.9756"/><Cube currency="INR" rate="89.2675"/><Cube currency="KRW" rate="1422.75"/><Cube currency="MXN" rate="19.3225"/><Cube currency="MYR" rate="4.926"/><Cube currency="NZD" rate="1.7246"/><Cube currency="PHP" rate="60.052"/><Cube currency="SGD" rate="1.4527"/><Cube currency="THB" rate="37.435"/><Cube currency="ZAR" rate="20.792"/></Cube>
<Cube time="2023-05-22"><Cube currency="USD" rate="1.0822"/><Cube currency="JPY" rate="149.64"/><Cube currency="BGN" rate="1.9558"/><Cube currency="CZK" rate="23.676"/><Cube currency="DKK" rate="7.4478"/><Cube currency="GBP" rate="0.86846"/><Cube currency="HUF" rate="374.73"/><Cube currency="PLN" rate="4.5133"/><Cube currency="RON" rate="4.9737"/><Cube currency="SEK" rate="11.3765"/><Cube currency="CHF" rate="0.97"/><Cube currency="ISK" rate="151.3"/><Cube currency="NOK" rate="11.7765"/><Cube currency="TRY" rate="21.4629"/><Cube currency="AUD" rate="1.6294"/><Cube currency="BRL" rate="5.4056"/><Cube currency="CAD" rate="1.4618"/><Cube currency="CNY" rate="7.6067"/><Cube currency="HKD" rate="8.4696"/><Cube currency="IDR" rate="16100.33"/><Cube currency="ILS" rate="3.9552"/><Cube currency="INR" rate="89.671"/><Cube currency="KRW" rate="1423.76"/><Cube currency="MXN" rate="19.3742"/><Cube currency="MYR" rate="4.9218"/><Cube currency="NZD" rate="1.7232"/><Cube currency="PHP" rate="60.353"/><Cube currency="SGD" rate="1.4554"/><Cube currency="THB" rate="37.282"/><Cube currency="ZAR" rate="20.9137"/></Cube>
<Cube time="2023-05-19"><Cube currency="USD" rate="1.0808"/><Cube currency="JPY" rate="149.55"/><Cube currency="BGN" rate="1.9558"/><Cube currency="CZK" rate="23.764"/><Cube currency="DKK" rate="7.4481"/><Cube currency="GBP" rate="0.8684"/><Cube currency="HUF" rate="376.73"/><Cube currency="PLN" rate="4.5205"/><Cube currency="RON" rate="4.9783"/><Cube currency="SEK" rate="11.3695"/><Cube currency="CHF" rate="0.9738"/><Cube currency="ISK" rate="151.3"/><Cube currency="NOK" rate="11.701"/><Cube currency="TRY" rate="21.4089"/><Cube currency="AUD" rate="1.6231"/><Cube currency="BRL" rate="5.3554"/><Cube currency="CAD" rate="1.4575"/><Cube currency="CNY" rate="7.5766"/><Cube currency="HKD" rate="8.4494"/><Cube currency="IDR" rate="16129.14"/><Cube currency="ILS" rate="3.9338"/><Cube currency="INR" rate="89.4215"/><Cube currency="KRW" rate="1432.76"/><Cube currency="MXN" rate="19.085"/><Cube currency="MYR" rate="4.9052"/><Cube currency="NZD" rate="1.7206"/><Cube currency="PHP" rate="60.26"/><Cube currency="SGD" rate="1.4538"/><Cube currency="THB" rate="37.169"/><Cube currency="ZAR" rate="20.8848"/></Cube>
<Cube time="2023-05-18"><Cube currency="USD" rate="1.0813"/><Cube currency="JPY" rate="149.08"/><Cube currency="BGN" rate="1.9558"/><Cube currency="CZK" rate="23.683"/><Cube currency="DKK" rate="7.4477"/><Cube currency="GBP" rate="0.8689"/><Cube currency="HUF" rate="373.87"/><Cube currency="PLN" rate="4.543"/><Cube currency="RON" rate="4.9708"/><Cube currency="SEK" rate="11.3609"/><Cube currency="CHF" rate="0.9735"/><Cube currency="ISK" rate="151.5"/><Cube currency="NOK" rate="11.737"/><Cube currency="TRY" rate="21.3964"/><Cube currency="AUD" rate="1.6285"/><Cube currency="BRL" rate="5.3612"/><Cube currency="CAD" rate="1.4568"/><Cube currency="CNY" rate="7.5983"/><Cube currency="HKD" rate="8.464"/><Cube currency="IDR" rate="16089.38"/><Cube currency="ILS" rate="3.9349"/><Cube currency="INR" rate="89.2915"/><Cube currency="KRW" rate="1442.07"/><Cube currency="MXN" rate="19.146"/><Cube currency="MYR" rate="4.9053"/><Cube currency="NZD" rate="1.7323"/><Cube currency="PHP" rate="60.324"/><Cube currency="SGD" rate="1.4544"/><Cube currency="THB" rate="37.116"/><Cube currency="ZAR" rate="20.9693"/></Cube>
<Cube time="2023-05-17"><Cube currency="USD" rate="1.0829"/><Cube currency="JPY" rate="148.31"/><Cube currency="BGN" rate="1.9558"/><Cube currency="CZK" rate="23.632"/><Cube currency="DKK" rate="7.4476"/><Cube currency="GBP" rate="0.86895"/><Cube currency="HUF" rate="371.25"/><Cube currency="PLN" rate="4.507"/><Cube currency="RON" rate="4.9605"/><Cube currency="SEK" rate="11.325"/><Cube currency="CHF" rate="0.9746"/><Cube currency="ISK" rate="152.1"/><Cube currency="NOK" rate="11.7295"/><Cube currency="TRY" rate="21.3965"/><Cube currency="AUD" rate="1.6273"/><Cube currency="BRL" rate="5.3728"/><Cube currency="CAD" rate="1.4609"/><Cube currency="CNY" rate="7.5762"/><Cube currency="HKD" rate="8.4788"/><Cube currency="IDR" rate="16118.14"/><Cube currency="ILS" rate="3.9493"/><Cube currency="INR" rate="89.1878"/><Cube currency="KRW" rate="1448.48"/><Cube currency="MXN" rate="19.0493"/><Cube currency="MYR" rate="4.9001"/><Cube currency="NZD" rate="1.7313"/><Cube currency="PHP" rate="60.793"/><Cube currency="SGD" rate="1.4542"/><Cube currency="THB" rate="37.106"/><Cube currency="ZAR" rate="20.8793"/></Cube>
<Cube time="2023-05-16"><Cube currency="USD" rate="1.0881"/><Cube currency="JPY" rate="147.89"/><Cube currency="BGN" rate="1.9558"/><Cube currency="CZK" rate="23.675"/><Cube currency="DKK" rate="7.4468"/><Cube currency="GBP" rate="0.86938"/><Cube currency="HUF" rate="369.2"/><Cube currency="PLN" rate="4.4865"/><Cube currency="RON" rate="4.9478"/><Cube currency="SEK" rate="11.2765"/><Cube currency="CHF" rate="0.9732"/><Cube currency="ISK" rate="150.9"/><Cube currency="NOK" rate="11.613"/><Cube currency="TRY" rate="21.4425"/><Cube currency="AUD" rate="1.6307"/><Cube currency="BRL" rate="5.334"/><Cube currency="CAD" rate="1.4652"/><Cube currency="CNY" rate="7.5793"/><Cube currency="HKD" rate="8.5293"/><Cube currency="IDR" rate="16132.09"/><Cube currency="ILS" rate="3.9855"/><Cube currency="INR" rate="89.4655"/><Cube currency="KRW" rate="1458.78"/><Cube currency="MXN" rate="18.9822"/><Cube currency="MYR" rate="4.8954"/><Cube currency="NZD" rate="1.7428"/><Cube currency="PHP" rate="61.001"/><Cube currency="SGD" rate="1.4545"/><Cube currency="THB" rate="36.963"/><Cube currency="ZAR" rate="20.7496"/></Cube>
<Cube time="2023-05-15"><Cube currency="USD" rate="1.0876"/><Cube currency="JPY" rate="148.15"/><Cube currency="BGN" rate="1.9558"/><Cube currency="CZK" rate="23.574"/><Cube currency="DKK" rate="7.4471"/><Cube currency="GBP" rate="0.86943"/><Cube currency="HUF" rate="369.3"/><Cube currency="PLN" rate="4.5078"/><Cube currency="RON" rate="4.9375"/><Cube currency="SEK" rate="11.2905"/><Cube currency="CHF" rate="0.9747"/><Cube currency="ISK" rate="150.9"/><Cube currency="NOK" rate="11.583"/><Cube currency="TRY" rate="21.3896"/><Cube currency="AUD" rate="1.6261"/><Cube currency="BRL" rate="5.3431"/><Cube currency="CAD" rate="1.4684"/><Cube currency="CNY" rate="7.5621"/><Cube currency="HKD" rate="8.525"/><Cube currency="IDR" rate="16089.55"/><Cube currency="ILS" rate="3.9776"/><Cube currency="INR" rate="89.499"/><Cube currency="KRW" rate="1453.79"/><Cube currency="MXN" rate="19.0872"/><Cube currency="MYR" rate="4.8915"/><Cube currency="NZD" rate="1.7494"/><Cube currency="PHP" rate="60.984"/><Cube currency="SGD" rate="1.4548"/><Cube currency="THB" rate="36.772"/><Cube currency="ZAR" rate="20.7496"/></Cube>
<Cube time="2023-05-12"><Cube currency="USD" rate="1.0892"/><Cube currency="JPY" rate="147.02"/><Cube currency="BGN" rate="1.9558"/><Cube currency="CZK" rate="23.606"/><Cube currency="DKK" rate="7.4484"/><Cube currency="GBP" rate="0.8702"/><Cube currency="HUF" rate="370.98"/><Cube currency="PLN" rate="4.5343"/><Cube currency="RON" rate="4.9318"/><Cube currency="SEK" rate="11.2425"/><Cube currency="CHF" rate="0.9744"/><Cube currency="ISK" rate="150.3"/><Cube currency="NOK" rate="11.631"/><Cube currency="TRY" rate="21.3588"/><Cube currency="AUD" rate="1.631"/><Cube currency="BRL" rate="5.3844"/><Cube currency="CAD" rate="1.4702"/><Cube currency="CNY" rate="7.5722"/><Cube currency="HKD" rate="8.5425"/><Cube currency="IDR" rate="16130.23"/><Cube currency="ILS" rate="3.9695"/><Cube currency="INR" rate="89.52"/><Cube currency="KRW" rate="1455.02"/><Cube currency="MXN" rate="19.2067"/><Cube currency="MYR" rate="4.8785"/><Cube currency="NZD" rate="1.7503"/><Cube currency="PHP" rate="60.804"/><Cube currency="SGD" rate="1.4534"/><Cube currency="THB" rate="37.022"/><Cube currency="ZAR" rate="20.943"/></Cube>
<Cube time="2023-05-11"><Cube currency="USD" rate="1.093"/><Cube currency="JPY" rate="146.54"/><Cube currency="BGN" rate="1.9558"/><Cube currency="CZK" rate="23.488"/><Cube currency="DKK" rate="7.4484"/><Cube currency="GBP" rate="0.86795"/><Cube currency="HUF" rate="371.45"/><Cube currency="PLN" rate="4.5238"/><Cube currency="RON" rate="4.9322"/><Cube currency="SEK" rate="11.2184"/><Cube currency="CHF" rate="0.9758"/><Cube currency="ISK" rate="149.9"/><Cube currency="NOK" rate="11.518"/><Cube currency="TRY" rate="21.3781"/><Cube currency="AUD" rate="1.6226"/><Cube currency="BRL" rate="5.4218"/><Cube currency="CAD" rate="1.4672"/><Cube currency="CNY" rate="7.5817"/><Cube currency="HKD" rate="8.5671"/><Cube currency="IDR" rate="16079.12"/><Cube currency="ILS" rate="3.9869"/><Cube currency="INR" rate="89.6905"/><Cube currency="KRW" rate="1451.78"/><Cube currency="MXN" rate="19.2241"/><Cube currency="MYR" rate="4.8775"/><Cube currency="NZD" rate="1.7228"/><Cube currency="PHP" rate="60.859"/><Cube currency="SGD" rate="1.451"/><Cube currency="THB" rate="36.796"/><Cube currency="ZAR" rate="20.7485"/></Cube>
<Cube time="2023-05-10"><Cube currency="USD" rate="1.095"/><Cube currency="JPY" rate="148.18"/><Cube currency="BGN" rate="1.9558"/><Cube currency="CZK" rate="23.419"/><Cube currency="DKK" rate="7.4478"/><Cube currency="GBP" rate="0.86813"/><Cube currency="HUF" rate="370.98"/><Cube currency="PLN" rate="4.5363"/><Cube currency="RON" rate="4.9219"/><Cube currency="SEK" rate="11.1938"/><Cube currency="CHF" rate="0.9771"/><Cube currency="ISK" rate="149.9"/><Cube currency="NOK" rate="11.5485"/><Cube currency="TRY" rate="21.3974"/><Cube currency="AUD" rate="1.6222"/><Cube currency="BRL" rate="5.4497"/><Cube currency="CAD" rate="1.4657"/><Cube currency="CNY" rate="7.5818"/><Cube currency="HKD" rate="8.5739"/><Cube currency="IDR" rate="16150.98"/><Cube currency="ILS" rate="4.0153"/><Cube currency="INR" rate="89.8185"/><Cube currency="KRW" rate="1449.79"/><Cube currency="MXN" rate="19.3954"/><Cube currency="MYR" rate="4.8821"/><Cube currency="NZD" rate="1.7303"/><Cube currency="PHP" rate="60.995"/><Cube currency="SGD" rate="1.4541"/><Cube currency="THB" rate="36.858"/><Cube currency="ZAR" rate="20.5005"/></Cube>
<Cube time="2023-05-09"><Cube currency="USD" rate="1.0959"/><Cube currency="JPY" rate="147.97"/><Cube currency="BGN" rate="1.9558"/><Cube currency="CZK" rate="23.363"/><Cube currency="DKK" rate="7.4452"/><Cube currency="GBP" rate="0.8699"/><Cube currency="HUF" rate="371.68"/><Cube currency="PLN" rate="4.5723"/><Cube currency="RON" rate="4.92"/><Cube currency="SEK" rate="11.1885"/><Cube currency="CHF" rate="0.9788"/><Cube currency="ISK" rate="150.7"/><Cube currency="NOK" rate="11.575"/><Cube currency="TRY" rate="21.3858"/><Cube currency="AUD" rate="1.6217"/><Cube currency="BRL" rate="5.4863"/><Cube currency="CAD" rate="1.4679"/><Cube currency="CNY" rate="7.5853"/><Cube currency="HKD" rate="8.5934"/><Cube currency="IDR" rate="16159.2"/><Cube currency="ILS" rate="4.0077"/><Cube currency="INR" rate="89.9495"/><Cube currency="KRW" rate="1451.9"/><Cube currency="MXN" rate="19.497"/><Cube currency="MYR" rate="4.8762"/><Cube currency="NZD" rate="1.732"/><Cube currency="PHP" rate="61.123"/><Cube currency="SGD" rate="1.4544"/><Cube currency="THB" rate="36.921"/><Cube currency="ZAR" rate="20.2003"/></Cube>
<Cube time="2023-05-08"><Cube currency="USD" rate="1.1037"/><Cube currency="JPY" rate="149.15"/><Cube currency="BGN" rate="1.9558"/><Cube currency="CZK" rate="23.41"/><Cube currency="DKK" rate="7.4473"/><Cube currency="GBP" rate="0.87228"/><Cube currency="HUF" rate="372.2"/><Cube currency="PLN" rate="4.5693"/><Cube currency="RON" rate="4.9246"/><Cube currency="SEK" rate="11.2012"/><Cube currency="CHF" rate="0.9813"/><Cube currency="ISK" rate="150.5"/><Cube currency="NOK" rate="11.5505"/><Cube currency="TRY" rate="21.5304"/><Cube currency="AUD" rate="1.6244"/><Cube currency="BRL" rate="5.4613"/><Cube currency="CAD" rate="1.471"/><Cube currency="CNY" rate="7.6347"/><Cube currency="HKD" rate="8.6618"/><Cube currency="IDR" rate="16237.42"/><Cube currency="ILS" rate="4.0132"/><Cube currency="INR" rate="90.2775"/><Cube currency="KRW" rate="1458.26"/><Cube currency="MXN" rate="19.6393"/><Cube currency="MYR" rate="4.8971"/><Cube currency="NZD" rate="1.7389"/><Cube currency="PHP" rate="61.015"/><Cube currency="SGD" rate="1.462"/><Cube currency="THB" rate="37.382"/><Cube currency="ZAR" rate="20.2552"/></Cube>
<Cube time="2023-05-05"><Cube currency="USD" rate="1.1014"/><Cube currency="JPY" rate="147.8"/><Cube currency="BGN" rate="1.9558"/><Cube currency="CZK" rate="23.401"/><Cube currency="DKK" rate="7.4499"/><Cube currency="GBP" rate="0.87378"/><Cube currency="HUF" rate="372.48"/><Cube currency="PLN" rate="4.577"/><Cube currency="RON" rate="4.928"/><Cube currency="SEK" rate="11.2365"/><Cube currency="CHF" rate="0.9828"/><Cube currency="ISK" rate="150.1"/><Cube currency="NOK" rate="11.6895"/><Cube currency="TRY" rate="21.4745"/><Cube currency="AUD" rate="1.6379"/><Cube currency="BRL" rate="5.496"/><Cube currency="CAD" rate="1.486"/><Cube currency="CNY" rate="7.6112"/><Cube currency="HKD" rate="8.6434"/><Cube currency="IDR" rate="16156.49"/><Cube currency="ILS" rate="4.0159"/><Cube currency="INR" rate="90.001"/><Cube currency="KRW" rate="1451.9"/><Cube currency="MXN" rate="19.7073"/><Cube currency="MYR" rate="4.8869"/><Cube currency="NZD" rate="1.7488"/><Cube currency="PHP" rate="60.83"/><Cube currency="SGD" rate="1.46"/><Cube currency="THB" rate="37.172"/><Cube currency="ZAR" rate="20.2345"/></Cube>
<Cube time="2023-05-04"><Cube currency="USD" rate="1.1074"/><Cube currency="JPY" rate="148.92"/><Cube currency="BGN" rate="1.9558"/><Cube currency="CZK" rate="23.46"/><Cube currency="DKK" rate="7.4503"/><Cube currency="GBP" rate="0.88015"/><Cube currency="HUF" rate="373.94"/><Cube currency="PLN" rate="4.5905"/><Cube currency="RON" rate="4.9295"/><Cube currency="SEK" rate="11.341"/><Cube currency="CHF" rate="0.9802"/><Cube currency="ISK" rate="150.1"/><Cube currency="NOK" rate="11.8282"/><Cube currency="TRY" rate="21.5825"/><Cube currency="AUD" rate="1.6585"/><Cube currency="BRL" rate="5.5194"/><Cube currency="CAD" rate="1.5072"/><Cube currency="CNY" rate="7.6538"/><Cube currency="HKD" rate="8.6909"/><Cube currency="IDR" rate="16263.59"/><Cube currency="ILS" rate="4.0268"/><Cube currency="INR" rate="90.5495"/><Cube currency="KRW" rate="1465.69"/><Cube currency="MXN" rate="19.8208"/><Cube currency="MYR" rate="4.9313"/><Cube currency="NZD" rate="1.7668"/><Cube currency="PHP" rate="61.286"/><Cube currency="SGD" rate="1.4695"/><Cube currency="THB" rate="37.43"/><Cube currency="ZAR" rate="20.1357"/></Cube>
<Cube time="2023-05-03"><Cube currency="USD" rate="1.1043"/><Cube currency="JPY" rate="149.66"/><Cube currency="BGN" rate="1.9558"/><Cube currency="CZK" rate="23.559"/><Cube currency="DKK" rate="7.4514"/><Cube currency="GBP" rate="0.88265"/><Cube currency="HUF" rate="375.63"/><Cube currency="PLN" rate="4.582"/><Cube currency="RON" rate="4.9302"/><Cube currency="SEK" rate="11.3265"/><Cube currency="CHF" rate="0.9809"/><Cube currency="ISK" rate="150.1"/><Cube currency="NOK" rate="11.886"/><Cube currency="TRY" rate="21.5057"/><Cube currency="AUD" rate="1.6564"/><Cube currency="BRL" rate="5.5521"/><Cube currency="CAD" rate="1.5045"/><Cube currency="CNY" rate="7.633"/><Cube currency="HKD" rate="8.6687"/><Cube currency="IDR" rate="16211.37"/><Cube currency="ILS" rate="4.0163"/><Cube currency="INR" rate="90.3465"/><Cube currency="KRW" rate="1472.7"/><Cube currency="MXN" rate="19.8311"/><Cube currency="MYR" rate="4.9174"/><Cube currency="NZD" rate="1.7717"/><Cube currency="PHP" rate="61.083"/><Cube currency="SGD" rate="1.4704"/><Cube currency="THB" rate="37.524"/><Cube currency="ZAR" rate="20.1657"/></Cube></Cube></gesmes:Envelope>