<?xml version="1.0" encoding="UTF-8"?>
<gesmes:Envelope xmlns:gesmes="http://www.gesmes.org/xml/2002-08-01" xmlns="http://www.ecb.int/vocabulary/2002-08-01/eurofxref"><gesmes:subject>Reference rates</gesmes:subject><gesmes:Sender><gesmes:name>European Central Bank</gesmes:name></gesmes:Sender><Cube><Cube time="2017-08-11"><Cube currency="USD" rate="1.1765"/><Cube currency="JPY" rate="128.41"/><Cube currency="BGN" rate="1.9558"/><Cube currency="CZK" rate="26.155"/><Cube currency="DKK" rate="7.437"/><Cube currency="GBP" rate="0.90645"/><Cube currency="HUF" rate="305.41"/><Cube currency="PLN" rate="4.2888"/><Cube currency="RON" rate="4.5778"/><Cube currency="SEK" rate="9.6083"/><Cube currency="CHF" rate="1.132"/><Cube currency="NOK" rate="9.3975"/><Cube currency="HRK" rate="7.3982"/><Cube currency="RUB" rate="70.6275"/><Cube currency="TRY" rate="4.1765"/><Cube currency="AUD" rate="1.4962"/><Cube currency="BRL" rate="3.7378"/><Cube currency="CAD" rate="1.4956"/><Cube currency="CNY" rate="7.8414"/><Cube currency="HKD" rate="9.1992"/><Cube currency="IDR" rate="15722.96"/><Cube currency="ILS" rate="4.2171"/><Cube currency="INR" rate="75.496"/><Cube currency="KRW" rate="1346.47"/><Cube currency="MXN" rate="21.1711"/><Cube currency="MYR" rate="5.0531"/><Cube currency="NZD" rate="1.6149"/><Cube currency="PHP" rate="60.033"/><Cube currency="SGD" rate="1.6052"/><Cube currency="THB" rate="39.107"/><Cube currency="ZAR" rate="15.8741"/></Cube>
<Cube time="2017-08-10"><Cube currency="USD" rate="1.1732"/><Cube currency="JPY" rate="128.76"/><Cube currency="BGN" rate="1.9558"/><Cube currency="CZK" rate="26.157"/><Cube currency="DKK" rate="7.4381"/><Cube currency="GBP" rate="0.90303"/><Cube currency="HUF" rate="305.37"/><Cube currency="PLN" rate="4.2717"/><Cube currency="RON" rate="4.5743"/><Cube currency="SEK" rate="9.568"/><Cube currency="CHF" rate="1.1341"/><Cube currency="NOK" rate="9.3355"/><Cube currency="HRK" rate="7.4008"/><Cube currency="RUB" rate="70.2875"/><Cube currency="TRY" rate="4.1462"/><Cube currency="AUD" rate="1.4888"/><Cube currency="BRL" rate="3.7024"/><Cube currency="CAD" rate="1.4923"/><Cube currency="CNY" rate="7.8068"/><Cube currency="HKD" rate="9.168"/><Cube currency="IDR" rate="15670.45"/><Cube currency="ILS" rate="4.2182"/><Cube currency="INR" rate="75.208"/><Cube currency="KRW" rate="1341.21"/><Cube currency="MXN" rate="21.0547"/><Cube currency="MYR" rate="5.0348"/><Cube currency="NZD" rate="1.6142"/><Cube currency="PHP" rate="59.567"/><Cube currency="SGD" rate="1.6"/><Cube currency="THB" rate="39.021"/><Cube currency="ZAR" rate="15.674"/></Cube>
<Cube time="2017-08-09"><Cube currency="USD" rate="1.1731"/><Cube currency="JPY" rate="128.74"/><Cube currency="BGN" rate="1.9558"/><Cube currency="CZK" rate="26.16"/><Cube currency="DKK" rate="7.4392"/><Cube currency="GBP" rate="0.90338"/><Cube currency="HUF" rate="304.6"/><Cube currency="PLN" rate="4.267"/><Cube currency="RON" rate="4.5691"/><Cube currency="SEK" rate="9.621"/><Cube currency="CHF" rate="1.1293"/><Cube currency="NOK" rate="9.3398"/><Cube currency="HRK" rate="7.4028"/><Cube currency="RUB" rate="70.3937"/><Cube currency="TRY" rate="4.1518"/><Cube currency="AUD" rate="1.4879"/><Cube currency="BRL" rate="3.6793"/><Cube currency="CAD" rate="1.4875"/><Cube currency="CNY" rate="7.8316"/><Cube currency="HKD" rate="9.1692"/><Cube currency="IDR" rate="15640.36"/><Cube currency="ILS" rate="4.2207"/><Cube currency="INR" rate="74.914"/><Cube currency="KRW" rate="1335.79"/><Cube currency="MXN" rate="21.065"/><Cube currency="MYR" rate="5.0314"/><Cube currency="NZD" rate="1.6011"/><Cube currency="PHP" rate="59.437"/><Cube currency="SGD" rate="1.5988"/><Cube currency="THB" rate="39.006"/><Cube currency="ZAR" rate="15.8151"/></Cube>
<Cube time="2017-08-08"><Cube currency="USD" rate="1.1814"/><Cube currency="JPY" rate="130.31"/><Cube currency="BGN" rate="1.9558"/><Cube currency="CZK" rate="26.15"/><Cube currency="DKK" rate="7.4386"/><Cube currency="GBP" rate="0.90678"/><Cube currency="HUF" rate="304.49"/><Cube currency="PLN" rate="4.2554"/><Cube currency="RON" rate="4.5638"/><Cube currency="SEK" rate="9.598"/><Cube currency="CHF" rate="1.1478"/><Cube currency="NOK" rate="9.3225"/><Cube currency="HRK" rate="7.4005"/><Cube currency="RUB" rate="70.8912"/><Cube currency="TRY" rate="4.1686"/><Cube currency="AUD" rate="1.4882"/><Cube currency="BRL" rate="3.6918"/><Cube currency="CAD" rate="1.4959"/><Cube currency="CNY" rate="7.9163"/><Cube currency="HKD" rate="9.2424"/><Cube currency="IDR" rate="15727.98"/><Cube currency="ILS" rate="4.2566"/><Cube currency="INR" rate="75.1865"/><Cube currency="KRW" rate="1329.82"/><Cube currency="MXN" rate="21.1534"/><Cube currency="MYR" rate="5.0629"/><Cube currency="NZD" rate="1.6036"/><Cube currency="PHP" rate="59.632"/><Cube currency="SGD" rate="1.6072"/><Cube currency="THB" rate="39.276"/><Cube currency="ZAR" rate="15.5533"/></Cube>
<Cube time="2017-08-07"><Cube currency="USD" rate="1.1797"/><Cube currency="JPY" rate="130.78"/><Cube currency="BGN" rate="1.9558"/><Cube currency="CZK" rate="26.116"/><Cube currency="DKK" rate="7.4384"/><Cube currency="GBP" rate="0.90435"/><Cube currency="HUF" rate="303.8"/><Cube currency="PLN" rate="4.2518"/><Cube currency="RON" rate="4.564"/><Cube currency="SEK" rate="9.6175"/><Cube currency="CHF" rate="1.148"/><Cube currency="NOK" rate="9.38"/><Cube currency="HRK" rate="7.4035"/><Cube currency="RUB" rate="70.8515"/><Cube currency="TRY" rate="4.1662"/><Cube currency="AUD" rate="1.4909"/><Cube currency="BRL" rate="3.6878"/><Cube currency="CAD" rate="1.4959"/><Cube currency="CNY" rate="7.9281"/><Cube currency="HKD" rate="9.2289"/><Cube currency="IDR" rate="15714.78"/><Cube currency="ILS" rate="4.2727"/><Cube currency="INR" rate="75.3005"/><Cube currency="KRW" rate="1332.55"/><Cube currency="MXN" rate="21.1536"/><Cube currency="MYR" rate="5.0532"/><Cube currency="NZD" rate="1.6033"/><Cube currency="PHP" rate="59.526"/><Cube currency="SGD" rate="1.6083"/><Cube currency="THB" rate="39.302"/><Cube currency="ZAR" rate="15.7661"/></Cube>
<Cube time="2017-08-04"><Cube currency="USD" rate="1.1868"/><Cube currency="JPY" rate="130.67"/><Cube currency="BGN" rate="1.9558"/><Cube currency="CZK" rate="26.068"/><Cube currency="DKK" rate="7.4388"/><Cube currency="GBP" rate="0.9028"/><Cube currency="HUF" rate="304.36"/><Cube currency="PLN" rate="4.241"/><Cube currency="RON" rate="4.5635"/><Cube currency="SEK" rate="9.6053"/><Cube currency="CHF" rate="1.1494"/><Cube currency="NOK" rate="9.3618"/><Cube currency="HRK" rate="7.407"/><Cube currency="RUB" rate="71.4691"/><Cube currency="TRY" rate="4.1903"/><Cube currency="AUD" rate="1.4888"/><Cube currency="BRL" rate="3.6911"/><Cube currency="CAD" rate="1.492"/><Cube currency="CNY" rate="7.9757"/><Cube currency="HKD" rate="9.2782"/><Cube currency="IDR" rate="15791.56"/><Cube currency="ILS" rate="4.2939"/><Cube currency="INR" rate="75.5035"/><Cube currency="KRW" rate="1334.12"/><Cube currency="MXN" rate="21.1344"/><Cube currency="MYR" rate="5.0777"/><Cube currency="NZD" rate="1.5928"/><Cube currency="PHP" rate="59.588"/><Cube currency="SGD" rate="1.6097"/><Cube currency="THB" rate="39.455"/><Cube currency="ZAR" rate="15.8267"/></Cube>
<Cube time="2017-08-03"><Cube currency="USD" rate="1.186"/><Cube currency="JPY" rate="130.91"/><Cube currency="BGN" rate="1.9558"/><Cube currency="CZK" rate="25.965"/><Cube currency="DKK" rate="7.4381"/><Cube currency="GBP" rate="0.90318"/><Cube currency="HUF" rate="303.74"/><Cube currency="PLN" rate="4.2526"/><Cube currency="RON" rate="4.5655"/><Cube currency="SEK" rate="9.6093"/><Cube currency="CHF" rate="1.1501"/><Cube currency="NOK" rate="9.3768"/><Cube currency="HRK" rate="7.4063"/><Cube currency="RUB" rate="71.6789"/><Cube currency="TRY" rate="4.1992"/><Cube currency="AUD" rate="1.4943"/><Cube currency="BRL" rate="3.7017"/><Cube currency="CAD" rate="1.4951"/><Cube currency="CNY" rate="7.9726"/><Cube currency="HKD" rate="9.2724"/><Cube currency="IDR" rate="15804.04"/><Cube currency="ILS" rate="4.2501"/><Cube currency="INR" rate="75.521"/><Cube currency="KRW" rate="1336.54"/><Cube currency="MXN" rate="21.1435"/><Cube currency="MYR" rate="5.078"/><Cube currency="NZD" rate="1.5986"/><Cube currency="PHP" rate="59.625"/><Cube currency="SGD" rate="1.613"/><Cube currency="THB" rate="39.429"/><Cube currency="ZAR" rate="15.7628"/></Cube>
<Cube time="2017-08-02"><Cube currency="USD" rate="1.1829"/><Cube currency="JPY" rate="130.98"/><Cube currency="BGN" rate="1.9558"/><Cube currency="CZK" rate="26.128"/><Cube currency="DKK" rate="7.4384"/><Cube currency="GBP" rate="0.89425"/><Cube currency="HUF" rate="303.86"/><Cube currency="PLN" rate="4.254"/><Cube currency="RON" rate="4.5593"/><Cube currency="SEK" rate="9.5918"/><Cube currency="CHF" rate="1.1459"/><Cube currency="NOK" rate="9.3505"/><Cube currency="HRK" rate="7.4063"/><Cube currency="RUB" rate="71.8059"/><Cube currency="TRY" rate="4.1786"/><Cube currency="AUD" rate="1.4847"/><Cube currency="BRL" rate="3.6995"/><Cube currency="CAD" rate="1.4841"/><Cube currency="CNY" rate="7.9559"/><Cube currency="HKD" rate="9.2461"/><Cube currency="IDR" rate="15752.68"/><Cube currency="ILS" rate="4.2334"/><Cube currency="INR" rate="75.3272"/><Cube currency="KRW" rate="1329.43"/><Cube currency="MXN" rate="21.1874"/><Cube currency="MYR" rate="5.0693"/><Cube currency="NZD" rate="1.5927"/><Cube currency="PHP" rate="59.521"/><Cube currency="SGD" rate="1.6064"/><Cube currency="THB" rate="39.355"/><Cube currency="ZAR" rate="15.7101"/></Cube>
<Cube time="2017-08-01"><Cube currency="USD" rate="1.1812"/><Cube currency="JPY" rate="130.53"/><Cube currency="BGN" rate="1.9558"/><Cube currency="CZK" rate="26.132"/><Cube currency="DKK" rate="7.4369"/><Cube currency="GBP" rate="0.8944"/><Cube currency="HUF" rate="303.6"/><Cube currency="PLN" rate="4.2563"/><Cube currency="RON" rate="4.5596"/><Cube currency="SEK" rate="9.5563"/><Cube currency="CHF" rate="1.1414"/><Cube currency="NOK" rate="9.3343"/><Cube currency="HRK" rate="7.409"/><Cube currency="RUB" rate="71.175"/><Cube currency="TRY" rate="4.1602"/><Cube currency="AUD" rate="1.4813"/><Cube currency="BRL" rate="3.688"/><Cube currency="CAD" rate="1.4737"/><Cube currency="CNY" rate="7.9371"/><Cube currency="HKD" rate="9.2284"/><Cube currency="IDR" rate="15738.31"/><Cube currency="ILS" rate="4.2141"/><Cube currency="INR" rate="75.7145"/><Cube currency="KRW" rate="1325.5"/><Cube currency="MXN" rate="21.0023"/><Cube currency="MYR" rate="5.062"/><Cube currency="NZD" rate="1.5813"/><Cube currency="PHP" rate="59.508"/><Cube currency="SGD" rate="1.6042"/><Cube currency="THB" rate="39.322"/><Cube currency="ZAR" rate="15.6922"/></Cube>
<Cube time="2017-07-31"><Cube currency="USD" rate="1.1727"/><Cube currency="JPY" rate="129.7"/><Cube currency="BGN" rate="1.9558"/><Cube currency="CZK" rate="26.079"/><Cube currency="DKK" rate="7.4364"/><Cube currency="GBP" rate="0.8942"/><Cube currency="HUF" rate="304.62"/><Cube currency="PLN" rate="4.2493"/><Cube currency="RON" rate="4.559"/><Cube currency="SEK" rate="9.5423"/><Cube currency="CHF" rate="1.1359"/><Cube currency="NOK" rate="9.305"/><Cube currency="HRK" rate="7.411"/><Cube currency="RUB" rate="70.4643"/><Cube currency="TRY" rate="4.1314"/><Cube currency="AUD" rate="1.4713"/><Cube currency="BRL" rate="3.6764"/><Cube currency="CAD" rate="1.4625"/><Cube currency="CNY" rate="7.8896"/><Cube currency="HKD" rate="9.1598"/><Cube currency="IDR" rate="15625.05"/><Cube currency="ILS" rate="4.1771"/><Cube currency="INR" rate="75.2708"/><Cube currency="KRW" rate="1315.97"/><Cube currency="MXN" rate="20.862"/><Cube currency="MYR" rate="5.0209"/><Cube currency="NZD" rate="1.5672"/><Cube currency="PHP" rate="59.197"/><Cube currency="SGD" rate="1.5918"/><Cube currency="THB" rate="39.051"/><Cube currency="ZAR" rate="15.3716"/></Cube>
<Cube time="2017-07-28"><Cube currency="USD" rate="1.1729"/><Cube currency="JPY" rate="130.37"/><Cube currency="BGN" rate="1.9558"/><Cube currency="CZK" rate="26.048"/><Cube currency="DKK" rate="7.4364"/><Cube currency="GBP" rate="0.89568"/><Cube currency="HUF" rate="304.93"/><Cube currency="PLN" rate="4.2493"/><Cube currency="RON" rate="4.558"/><Cube currency="SEK" rate="9.5355"/><Cube currency="CHF" rate="1.1357"/><Cube currency="NOK" rate="9.3195"/><Cube currency="HRK" rate="7.412"/><Cube currency="RUB" rate="69.8319"/><Cube currency="TRY" rate="4.1462"/><Cube currency="AUD" rate="1.4732"/><Cube currency="BRL" rate="3.7015"/><Cube currency="CAD" rate="1.4712"/><Cube currency="CNY" rate="7.9087"/><Cube currency="HKD" rate="9.1613"/><Cube currency="IDR" rate="15639.45"/><Cube currency="ILS" rate="4.1765"/><Cube currency="INR" rate="75.2555"/><Cube currency="KRW" rate="1317.62"/><Cube currency="MXN" rate="20.8089"/><Cube currency="MYR" rate="5.0229"/><Cube currency="NZD" rate="1.5694"/><Cube currency="PHP" rate="59.207"/><Cube currency="SGD" rate="1.5947"/><Cube currency="THB" rate="39.146"/><Cube currency="ZAR" rate="15.2811"/></Cube>
<Cube time="2017-07-27"><Cube currency="USD" rate="1.1694"/><Cube currency="JPY" rate="130.32"/><Cube currency="BGN" rate="1.9558"/><Cube currency="CZK" rate="26.045"/><Cube currency="DKK" rate="7.4362"/><Cube currency="GBP" rate="0.88978"/><Cube currency="HUF" rate="304.75"/><Cube currency="PLN" rate="4.2541"/><Cube currency="RON" rate="4.565"/><Cube currency="SEK" rate="9.582"/><Cube currency="CHF" rate="1.1232"/><Cube currency="NOK" rate="9.2978"/><Cube currency="HRK" rate="7.4148"/><Cube currency="RUB" rate="69.6779"/><Cube currency="TRY" rate="4.1303"/><Cube currency="AUD" rate="1.4617"/><Cube currency="BRL" rate="3.6836"/><Cube currency="CAD" rate="1.4603"/><Cube currency="CNY" rate="7.8811"/><Cube currency="HKD" rate="9.133"/><Cube currency="IDR" rate="15576.4"/><Cube currency="ILS" rate="4.1604"/><Cube currency="INR" rate="75.023"/><Cube currency="KRW" rate="1303.38"/><Cube currency="MXN" rate="20.6146"/><Cube currency="MYR" rate="5.0033"/><Cube currency="NZD" rate="1.5553"/><Cube currency="PHP" rate="59.104"/><Cube currency="SGD" rate="1.589"/><Cube currency="THB" rate="38.953"/><Cube currency="ZAR" rate="15.16"/></Cube>
<Cube time="2017-07-26"><Cube currency="USD" rate="1.1644"/><Cube currency="JPY" rate="130.26"/><Cube currency="BGN" rate="1.9558"/><Cube currency="CZK" rate="26.047"/><Cube currency="DKK" rate="7.4368"/><Cube currency="GBP" rate="0.89275"/><Cube currency="HUF" rate="305.57"/><Cube currency="PLN" rate="4.2613"/><Cube currency="RON" rate="4.5632"/><Cube currency="SEK" rate="9.5705"/><Cube currency="CHF" rate="1.1152"/><Cube currency="NOK" rate="9.2893"/><Cube currency="HRK" rate="7.4128"/><Cube currency="RUB" rate="69.705"/><Cube currency="TRY" rate="4.1406"/><Cube currency="AUD" rate="1.4717"/><Cube currency="BRL" rate="3.6806"/><Cube currency="CAD" rate="1.4576"/><Cube currency="CNY" rate="7.8646"/><Cube currency="HKD" rate="9.0959"/><Cube currency="IDR" rate="15507.48"/><Cube currency="ILS" rate="4.1569"/><Cube currency="INR" rate="74.9375"/><Cube currency="KRW" rate="1303.91"/><Cube currency="MXN" rate="20.6644"/><Cube currency="MYR" rate="4.9889"/><Cube currency="NZD" rate="1.5678"/><Cube currency="PHP" rate="58.948"/><Cube currency="SGD" rate="1.585"/><Cube currency="THB" rate="38.996"/><Cube currency="ZAR" rate="15.1998"/></Cube>
<Cube time="2017-07-25"><Cube currency="USD" rate="1.1694"/><Cube currency="JPY" rate="130.28"/><Cube currency="BGN" rate="1.9558"/><Cube currency="CZK" rate="26.013"/><Cube currency="DKK" rate="7.4361"/><Cube currency="GBP" rate="0.89395"/><Cube currency="HUF" rate="305.49"/><Cube currency="PLN" rate="4.2571"/><Cube currency="RON" rate="4.5635"/><Cube currency="SEK" rate="9.5545"/><Cube currency="CHF" rate="1.1063"/><Cube currency="NOK" rate="9.3035"/><Cube currency="HRK" rate="7.4128"/><Cube currency="RUB" rate="69.9831"/><Cube currency="TRY" rate="4.1647"/><Cube currency="AUD" rate="1.4693"/><Cube currency="BRL" rate="3.6755"/><Cube currency="CAD" rate="1.4608"/><Cube currency="CNY" rate="7.8949"/><Cube currency="HKD" rate="9.131"/><Cube currency="IDR" rate="15574.07"/><Cube currency="ILS" rate="4.1677"/><Cube currency="INR" rate="75.292"/><Cube currency="KRW" rate="1305.86"/><Cube currency="MXN" rate="20.7211"/><Cube currency="MYR" rate="5.0074"/><Cube currency="NZD" rate="1.5712"/><Cube currency="PHP" rate="59.189"/><Cube currency="SGD" rate="1.59"/><Cube currency="THB" rate="39.093"/><Cube currency="ZAR" rate="15.2161"/></Cube>
<Cube time="2017-07-24"><Cube currency="USD" rate="1.1648"/><Cube currency="JPY" rate="129.09"/><Cube currency="BGN" rate="1.9558"/><Cube currency="CZK" rate="26.024"/><Cube currency="DKK" rate="7.4361"/><Cube currency="GBP" rate="0.8935"/><Cube currency="HUF" rate="305.15"/><Cube currency="PLN" rate="4.2408"/><Cube currency="RON" rate="4.5638"/><Cube currency="SEK" rate="9.5883"/><Cube currency="CHF" rate="1.102"/><Cube currency="NOK" rate="9.3525"/><Cube currency="HRK" rate="7.4098"/><Cube currency="RUB" rate="69.8567"/><Cube currency="TRY" rate="4.1378"/><Cube currency="AUD" rate="1.4661"/><Cube currency="BRL" rate="3.6543"/><Cube currency="CAD" rate="1.4584"/><Cube currency="CNY" rate="7.8622"/><Cube currency="HKD" rate="9.0931"/><Cube currency="IDR" rate="15516.3"/><Cube currency="ILS" rate="4.1811"/><Cube currency="INR" rate="75.0105"/><Cube currency="KRW" rate="1299.12"/><Cube currency="MXN" rate="20.5982"/><Cube currency="MYR" rate="4.9848"/><Cube currency="NZD" rate="1.5657"/><Cube currency="PHP" rate="59.001"/><Cube currency="SGD" rate="1.5859"/><Cube currency="THB" rate="38.893"/><Cube currency="ZAR" rate="15.0916"/></Cube>
<Cube time="2017-07-21"><Cube currency="USD" rate="1.1642"/><Cube currency="JPY" rate="129.72"/><Cube currency="BGN" rate="1.9558"/><Cube currency="CZK" rate="26.017"/><Cube currency="DKK" rate="7.4368"/><Cube currency="GBP" rate="0.8961"/><Cube currency="HUF" rate="305.37"/><Cube currency="PLN" rate="4.2364"/><Cube currency="RON" rate="4.5703"/><Cube currency="SEK" rate="9.6193"/><Cube currency="CHF" rate="1.1051"/><Cube currency="NOK" rate="9.3315"/><Cube currency="HRK" rate="7.411"/><Cube currency="RUB" rate="68.6175"/><Cube currency="TRY" rate="4.1138"/><Cube currency="AUD" rate="1.4699"/><Cube currency="BRL" rate="3.6225"/><Cube currency="CAD" rate="1.4664"/><Cube currency="CNY" rate="7.8798"/><Cube currency="HKD" rate="9.0902"/><Cube currency="IDR" rate="15498.41"/><Cube currency="ILS" rate="4.1483"/><Cube currency="INR" rate="74.9045"/><Cube currency="KRW" rate="1302.31"/><Cube currency="MXN" rate="20.3761"/><Cube currency="MYR" rate="4.9869"/><Cube currency="NZD" rate="1.565"/><Cube currency="PHP" rate="59.026"/><Cube currency="SGD" rate="1.5872"/><Cube currency="THB" rate="38.942"/><Cube currency="ZAR" rate="15.0579"/></Cube>
<Cube time="2017-07-20"><Cube currency="USD" rate="1.1485"/><Cube currency="JPY" rate="128.92"/><Cube currency="BGN" rate="1.9558"/><Cube currency="CZK" rate="26.04"/><Cube currency="DKK" rate="7.4367"/><Cube currency="GBP" rate="0.88718"/><Cube currency="HUF" rate="305.77"/><Cube currency="PLN" rate="4.21"/><Cube currency="RON" rate="4.5655"/><Cube currency="SEK" rate="9.5678"/><Cube currency="CHF" rate="1.1039"/><Cube currency="NOK" rate="9.3"/><Cube currency="HRK" rate="7.4103"/><Cube currency="RUB" rate="67.854"/><Cube currency="TRY" rate="4.0652"/><Cube currency="AUD" rate="1.451"/><Cube currency="BRL" rate="3.6166"/><Cube currency="CAD" rate="1.4487"/><Cube currency="CNY" rate="7.776"/><Cube currency="HKD" rate="8.97"/><Cube currency="IDR" rate="15314.67"/><Cube currency="ILS" rate="4.1033"/><Cube currency="INR" rate="74.01"/><Cube currency="KRW" rate="1291.52"/><Cube currency="MXN" rate="20.2035"/><Cube currency="MYR" rate="4.9288"/><Cube currency="NZD" rate="1.5631"/><Cube currency="PHP" rate="58.428"/><Cube currency="SGD" rate="1.5738"/><Cube currency="THB" rate="38.653"/><Cube currency="ZAR" rate="14.902"/></Cube>
<Cube time="2017-07-19"><Cube currency="USD" rate="1.1533"/><Cube currency="JPY" rate="129.03"/><Cube currency="BGN" rate="1.9558"/><Cube currency="CZK" rate="26.035"/><Cube currency="DKK" rate="7.4369"/><Cube currency="GBP" rate="0.88485"/><Cube currency="HUF" rate="306.42"/><Cube currency="PLN" rate="4.2127"/><Cube currency="RON" rate="4.567"/><Cube currency="SEK" rate="9.5598"/><Cube currency="CHF" rate="1.0994"/><Cube currency="NOK" rate="9.3018"/><Cube currency="HRK" rate="7.4143"/><Cube currency="RUB" rate="68.0915"/><Cube currency="TRY" rate="4.0576"/><Cube currency="AUD" rate="1.4532"/><Cube currency="BRL" rate="3.6432"/><Cube currency="CAD" rate="1.454"/><Cube currency="CNY" rate="7.7889"/><Cube currency="HKD" rate="9.0059"/><Cube currency="IDR" rate="15359.65"/><Cube currency="ILS" rate="4.1279"/><Cube currency="INR" rate="74.1515"/><Cube currency="KRW" rate="1294.27"/><Cube currency="MXN" rate="20.175"/><Cube currency="MYR" rate="4.9436"/><Cube currency="NZD" rate="1.564"/><Cube currency="PHP" rate="58.633"/><Cube currency="SGD" rate="1.5773"/><Cube currency="THB" rate="38.751"/><Cube currency="ZAR" rate="14.8896"/></Cube>
<Cube time="2017-07-18"><Cube currency="USD" rate="1.1555"/><Cube currency="JPY" rate="129.46"/><Cube currency="BGN" rate="1.9558"/><Cube currency="CZK" rate="26.08"/><Cube currency="DKK" rate="7.4371"/><Cube currency="GBP" rate="0.8878"/><Cube currency="HUF" rate="306.2"/><Cube currency="PLN" rate="4.2029"/><Cube currency="RON" rate="4.56"/><Cube currency="SEK" rate="9.5658"/><Cube currency="CHF" rate="1.1025"/><Cube currency="NOK" rate="9.3065"/><Cube currency="HRK" rate="7.4138"/><Cube currency="RUB" rate="68.1676"/><Cube currency="TRY" rate="4.075"/><Cube currency="AUD" rate="1.4565"/><Cube currency="BRL" rate="3.6623"/><Cube currency="CAD" rate="1.4548"/><Cube currency="CNY" rate="7.8001"/><Cube currency="HKD" rate="9.0176"/><Cube currency="IDR" rate="15368.15"/><Cube currency="ILS" rate="4.1244"/><Cube currency="INR" rate="74.337"/><Cube currency="KRW" rate="1298.89"/><Cube currency="MXN" rate="20.2288"/><Cube currency="MYR" rate="4.9513"/><Cube currency="NZD" rate="1.5713"/><Cube currency="PHP" rate="58.597"/><Cube currency="SGD" rate="1.5793"/><Cube currency="THB" rate="38.831"/><Cube currency="ZAR" rate="14.9464"/></Cube>
<Cube time="2017-07-17"><Cube currency="USD" rate="1.1462"/><Cube currency="JPY" rate="128.86"/><Cube currency="BGN" rate="1.9558"/><Cube currency="CZK" rate="26.09"/><Cube currency="DKK" rate="7.4365"/><Cube currency="GBP" rate="0.87755"/><Cube currency="HUF" rate="306.05"/><Cube currency="PLN" rate="4.208"/><Cube currency="RON" rate="4.5598"/><Cube currency="SEK" rate="9.54"/><Cube currency="CHF" rate="1.1012"/><Cube currency="NOK" rate="9.3558"/><Cube currency="HRK" rate="7.4111"/><Cube currency="RUB" rate="67.926"/><Cube currency="TRY" rate="4.0511"/><Cube currency="AUD" rate="1.4637"/><Cube currency="BRL" rate="3.6437"/><Cube currency="CAD" rate="1.4502"/><Cube currency="CNY" rate="7.7591"/><Cube currency="HKD" rate="8.946"/><Cube currency="IDR" rate="15259.36"/><Cube currency="ILS" rate="4.0675"/><Cube currency="INR" rate="73.7525"/><Cube currency="KRW" rate="1292.35"/><Cube currency="MXN" rate="20.12"/><Cube currency="MYR" rate="4.9143"/><Cube currency="NZD" rate="1.5624"/><Cube currency="PHP" rate="58.087"/><Cube currency="SGD" rate="1.5672"/><Cube currency="THB" rate="38.581"/><Cube currency="ZAR" rate="14.8359"/></Cube>
<Cube time="2017-07-14"><Cube currency="USD" rate="1.1415"/><Cube currency="JPY" rate="129.1"/><Cube currency="BGN" rate="1.9558"/><Cube currency="CZK" rate="26.075"/><Cube currency="DKK" rate="7.4365"/><Cube currency="GBP" rate="0.87983"/><Cube currency="HUF" rate="306.51"/><Cube currency="PLN" rate="4.2172"/><Cube currency="RON" rate="4.5627"/><Cube currency="SEK" rate="9.5333"/><Cube currency="CHF" rate="1.1051"/><Cube currency="NOK" rate="9.3843"/><Cube currency="HRK" rate="7.408"/><Cube currency="RUB" rate="67.9547"/><Cube currency="TRY" rate="4.0663"/><Cube currency="AUD" rate="1.471"/><Cube currency="BRL" rate="3.6599"/><Cube currency="CAD" rate="1.4524"/><Cube currency="CNY" rate="7.7419"/><Cube currency="HKD" rate="8.9132"/><Cube currency="IDR" rate="15225.9"/><Cube currency="ILS" rate="4.0598"/><Cube currency="INR" rate="73.495"/><Cube currency="KRW" rate="1295.1"/><Cube currency="MXN" rate="20.1393"/><Cube currency="MYR" rate="4.8999"/><Cube currency="NZD" rate="1.5625"/><Cube currency="PHP" rate="57.772"/><Cube currency="SGD" rate="1.5684"/><Cube currency="THB" rate="38.645"/><Cube currency="ZAR" rate="15.0313"/></Cube>
<Cube time="2017-07-13"><Cube currency="USD" rate="1.1417"/><Cube currency="JPY" rate="129.17"/><Cube currency="BGN" rate="1.9558"/><Cube currency="CZK" rate="26.12"/><Cube currency="DKK" rate="7.4367"/><Cube currency="GBP" rate="0.88215"/><Cube currency="HUF" rate="307.27"/><Cube currency="PLN" rate="4.2332"/><Cube currency="RON" rate="4.5635"/><Cube currency="SEK" rate="9.543"/><Cube currency="CHF" rate="1.1011"/><Cube currency="NOK" rate="9.4518"/><Cube currency="HRK" rate="7.405"/><Cube currency="RUB" rate="68.475"/><Cube currency="TRY" rate="4.0763"/><Cube currency="AUD" rate="1.477"/><Cube currency="BRL" rate="3.6733"/><Cube currency="CAD" rate="1.4564"/><Cube currency="CNY" rate="7.7443"/><Cube currency="HKD" rate="8.9167"/><Cube currency="IDR" rate="15238.84"/><Cube currency="ILS" rate="4.043"/><Cube currency="INR" rate="73.5825"/><Cube currency="KRW" rate="1298.7"/><Cube currency="MXN" rate="20.3212"/><Cube currency="MYR" rate="4.9093"/><Cube currency="NZD" rate="1.5578"/><Cube currency="PHP" rate="57.72"/><Cube currency="SGD" rate="1.5722"/><Cube currency="THB" rate="38.761"/><Cube currency="ZAR" rate="15.0961"/></Cube>
<Cube time="2017-07-12"><Cube currency="USD" rate="1.1449"/><Cube currency="JPY" rate="130.02"/><Cube currency="BGN" rate="1.9558"/><Cube currency="CZK" rate="26.11"/><Cube currency="DKK" rate="7.4369"/><Cube currency="GBP" rate="0.88925"/><Cube currency="HUF" rate="307.33"/><Cube currency="PLN" rate="4.2444"/><Cube currency="RON" rate="4.5675"/><Cube currency="SEK" rate="9.635"/><Cube currency="CHF" rate="1.1027"/><Cube currency="NOK" rate="9.4688"/><Cube currency="HRK" rate="7.409"/><Cube currency="RUB" rate="69.3499"/><Cube currency="TRY" rate="4.1182"/><Cube currency="AUD" rate="1.4966"/><Cube currency="BRL" rate="3.6997"/><Cube currency="CAD" rate="1.4808"/><Cube currency="CNY" rate="7.7716"/><Cube currency="HKD" rate="8.9429"/><Cube currency="IDR" rate="15307.31"/><Cube currency="ILS" rate="4.068"/><Cube currency="INR" rate="73.8865"/><Cube currency="KRW" rate="1311.87"/><Cube currency="MXN" rate="20.4629"/><Cube currency="MYR" rate="4.921"/><Cube currency="NZD" rate="1.5827"/><Cube currency="PHP" rate="57.949"/><Cube currency="SGD" rate="1.5815"/><Cube currency="THB" rate="38.967"/><Cube currency="ZAR" rate="15.3359"/></Cube>
<Cube time="2017-07-11"><Cube currency="USD" rate="1.1405"/><Cube currency="JPY" rate="130.36"/><Cube currency="BGN" rate="1.9558"/><Cube currency="CZK" rate="26.124"/><Cube currency="DKK" rate="7.4365"/><Cube currency="GBP" rate="0.88318"/><Cube currency="HUF" rate="308.13"/><Cube currency="PLN" rate="4.246"/><Cube currency="RON" rate="4.5685"/><Cube currency="SEK" rate="9.639"/><Cube currency="CHF" rate="1.104"/><Cube currency="NOK" rate="9.512"/><Cube currency="HRK" rate="7.411"/><Cube currency="RUB" rate="69.33"/><Cube currency="TRY" rate="4.1431"/><Cube currency="AUD" rate="1.4988"/><Cube currency="BRL" rate="3.7258"/><Cube currency="CAD" rate="1.4718"/><Cube currency="CNY" rate="7.7577"/><Cube currency="HKD" rate="8.9084"/><Cube currency="IDR" rate="15272.44"/><Cube currency="ILS" rate="4.077"/><Cube currency="INR" rate="73.665"/><Cube currency="KRW" rate="1312.25"/><Cube currency="MXN" rate="20.546"/><Cube currency="MYR" rate="4.9013"/><Cube currency="NZD" rate="1.5788"/><Cube currency="PHP" rate="57.813"/><Cube currency="SGD" rate="1.5783"/><Cube currency="THB" rate="38.891"/><Cube currency="ZAR" rate="15.4595"/></Cube>
<Cube time="2017-07-10"><Cube currency="USD" rate="1.1387"/><Cube currency="JPY" rate="129.98"/><Cube currency="BGN" rate="1.9558"/><Cube currency="CZK" rate="26.096"/><Cube currency="DKK" rate="7.4366"/><Cube currency="GBP" rate="0.88443"/><Cube currency="HUF" rate="307.99"/><Cube currency="PLN" rate="4.234"/><Cube currency="RON" rate="4.5698"/><Cube currency="SEK" rate="9.6175"/><Cube currency="CHF" rate="1.1007"/><Cube currency="NOK" rate="9.5165"/><Cube currency="HRK" rate="7.4043"/><Cube currency="RUB" rate="68.8648"/><Cube currency="TRY" rate="4.1122"/><Cube currency="AUD" rate="1.4999"/><Cube currency="BRL" rate="3.7292"/><Cube currency="CAD" rate="1.4703"/><Cube currency="CNY" rate="7.7484"/><Cube currency="HKD" rate="8.8973"/><Cube currency="IDR" rate="15257.44"/><Cube currency="ILS" rate="4.0397"/><Cube currency="INR" rate="73.4405"/><Cube currency="KRW" rate="1309.36"/><Cube currency="MXN" rate="20.4881"/><Cube currency="MYR" rate="4.89"/><Cube currency="NZD" rate="1.5663"/><Cube currency="PHP" rate="57.93"/><Cube currency="SGD" rate="1.5783"/><Cube currency="THB" rate="38.852"/><Cube currency="ZAR" rate="15.213"/></Cube>
<Cube time="2017-07-07"><Cube currency="USD" rate="1.1412"/><Cube currency="JPY" rate="129.8"/><Cube currency="BGN" rate="1.9558"/><Cube currency="CZK" rate="26.079"/><Cube currency="DKK" rate="7.4371"/><Cube currency="GBP" rate="0.88488"/><Cube currency="HUF" rate="308.38"/><Cube currency="PLN" rate="4.2322"/><Cube currency="RON" rate="4.5862"/><Cube currency="SEK" rate="9.6155"/><Cube currency="CHF" rate="1.0983"/><Cube currency="NOK" rate="9.5613"/><Cube currency="HRK" rate="7.4153"/><Cube currency="RUB" rate="68.9193"/><Cube currency="TRY" rate="4.1465"/><Cube currency="AUD" rate="1.5006"/><Cube currency="BRL" rate="3.7587"/><Cube currency="CAD" rate="1.4806"/><Cube currency="CNY" rate="7.759"/><Cube currency="HKD" rate="8.914"/><Cube currency="IDR" rate="15300.6"/><Cube currency="ILS" rate="4.0273"/><Cube currency="INR" rate="73.6955"/><Cube currency="KRW" rate="1318.1"/><Cube currency="MXN" rate="20.7488"/><Cube currency="MYR" rate="4.9054"/><Cube currency="NZD" rate="1.5669"/><Cube currency="PHP" rate="57.786"/><Cube currency="SGD" rate="1.5761"/><Cube currency="THB" rate="38.892"/><Cube currency="ZAR" rate="15.2646"/></Cube>
<Cube time="2017-07-06"><Cube currency="USD" rate="1.1385"/><Cube currency="JPY" rate="129.01"/><Cube currency="BGN" rate="1.9558"/><Cube currency="CZK" rate="26.147"/><Cube currency="DKK" rate="7.4369"/><Cube currency="GBP" rate="0.88013"/><Cube currency="HUF" rate="309.37"/><Cube currency="PLN" rate="4.2478"/><Cube currency="RON" rate="4.5933"/><Cube currency="SEK" rate="9.631"/><Cube currency="CHF" rate="1.0975"/><Cube currency="NOK" rate="9.5298"/><Cube currency="HRK" rate="7.4055"/><Cube currency="RUB" rate="68.4881"/><Cube currency="TRY" rate="4.1367"/><Cube currency="AUD" rate="1.5008"/><Cube currency="BRL" rate="3.7639"/><Cube currency="CAD" rate="1.4728"/><Cube currency="CNY" rate="7.7443"/><Cube currency="HKD" rate="8.8918"/><Cube currency="IDR" rate="15242.24"/><Cube currency="ILS" rate="4.0258"/><Cube currency="INR" rate="73.7325"/><Cube currency="KRW" rate="1317.44"/><Cube currency="MXN" rate="20.925"/><Cube currency="MYR" rate="4.8938"/><Cube currency="NZD" rate="1.5697"/><Cube currency="PHP" rate="57.733"/><Cube currency="SGD" rate="1.5749"/><Cube currency="THB" rate="38.8"/><Cube currency="ZAR" rate="15.347"/></Cube>
<Cube time="2017-07-05"><Cube currency="USD" rate="1.1329"/><Cube currency="JPY" rate="128.64"/><Cube currency="BGN" rate="1.9558"/><Cube currency="CZK" rate="26.109"/><Cube currency="DKK" rate="7.4369"/><Cube currency="GBP" rate="0.87735"/><Cube currency="HUF" rate="308.16"/><Cube currency="PLN" rate="4.2463"/><Cube currency="RON" rate="4.5881"/><Cube currency="SEK" rate="9.6243"/><Cube currency="CHF" rate="1.095"/><Cube currency="NOK" rate="9.4965"/><Cube currency="HRK" rate="7.4143"/><Cube currency="RUB" rate="67.82"/><Cube currency="TRY" rate="4.0611"/><Cube currency="AUD" rate="1.4916"/><Cube currency="BRL" rate="3.7545"/><Cube currency="CAD" rate="1.4682"/><Cube currency="CNY" rate="7.706"/><Cube currency="HKD" rate="8.8442"/><Cube currency="IDR" rate="15159.27"/><Cube currency="ILS" rate="3.9872"/><Cube currency="INR" rate="73.4075"/><Cube currency="KRW" rate="1307.79"/><Cube currency="MXN" rate="20.7053"/><Cube currency="MYR" rate="4.8697"/><Cube currency="NZD" rate="1.5575"/><Cube currency="PHP" rate="57.419"/><Cube currency="SGD" rate="1.5672"/><Cube currency="THB" rate="38.57"/><Cube currency="ZAR" rate="15.1267"/></Cube>
<Cube time="2017-07-04"><Cube currency="USD" rate="1.1353"/><Cube currency="JPY" rate="128.57"/><Cube currency="BGN" rate="1.9558"/><Cube currency="CZK" rate="26.132"/><Cube currency="DKK" rate="7.4367"/><Cube currency="GBP" rate="0.87805"/><Cube currency="HUF" rate="308.3"/><Cube currency="PLN" rate="4.2426"/><Cube currency="RON" rate="4.5884"/><Cube currency="SEK" rate="9.6735"/><Cube currency="CHF" rate="1.0954"/><Cube currency="NOK" rate="9.485"/><Cube currency="HRK" rate="7.4165"/><Cube currency="RUB" rate="67.34"/><Cube currency="TRY" rate="4.0377"/><Cube currency="AUD" rate="1.4922"/><Cube currency="BRL" rate="3.7503"/><Cube currency="CAD" rate="1.473"/><Cube currency="CNY" rate="7.722"/><Cube currency="HKD" rate="8.8646"/><Cube currency="IDR" rate="15174.42"/><Cube currency="ILS" rate="3.9917"/><Cube currency="INR" rate="73.497"/><Cube currency="KRW" rate="1307.61"/><Cube currency="MXN" rate="20.6761"/><Cube currency="MYR" rate="4.879"/><Cube currency="NZD" rate="1.5594"/><Cube currency="PHP" rate="57.343"/><Cube currency="SGD" rate="1.5701"/><Cube currency="THB" rate="38.617"/><Cube currency="ZAR" rate="15.0182"/></Cube>
<Cube time="2017-07-03"><Cube currency="USD" rate="1.1369"/><Cube currency="JPY" rate="128.46"/><Cube currency="BGN" rate="1.9558"/><Cube currency="CZK" rate="26.14"/><Cube currency="DKK" rate="7.4366"/><Cube currency="GBP" rate="0.87705"/><Cube currency="HUF" rate="309.25"/><Cube currency="PLN" rate="4.2355"/><Cube currency="RON" rate="4.5634"/><Cube currency="SEK" rate="9.6358"/><Cube currency="CHF" rate="1.0943"/><Cube currency="NOK" rate="9.5065"/><Cube currency="HRK" rate="7.4215"/><Cube currency="RUB" rate="67.4684"/><Cube currency="TRY" rate="4.0322"/><Cube currency="AUD" rate="1.4848"/><Cube currency="BRL" rate="3.7737"/><Cube currency="CAD" rate="1.4755"/><Cube currency="CNY" rate="7.7253"/><Cube currency="HKD" rate="8.8778"/><Cube currency="IDR" rate="15223.09"/><Cube currency="ILS" rate="3.9768"/><Cube currency="INR" rate="73.737"/><Cube currency="KRW" rate="1305.91"/><Cube currency="MXN" rate="20.7257"/><Cube currency="MYR" rate="4.8942"/><Cube currency="NZD" rate="1.5584"/><Cube currency="PHP" rate="57.553"/><Cube currency="SGD" rate="1.5709"/><Cube currency="THB" rate="38.632"/><Cube currency="ZAR" rate="14.9926"/></Cube>
<Cube time="2017-06-30"><Cube currency="USD" rate="1.1412"/><Cube currency="JPY" rate="127.75"/><Cube currency="BGN" rate="1.9558"/><Cube currency="CZK" rate="26.197"/><Cube currency="DKK" rate="7.4366"/><Cube currency="GBP" rate="0.87933"/><Cube currency="HUF" rate="308.97"/><Cube currency="PLN" rate="4.2259"/><Cube currency="RON" rate="4.5523"/><Cube currency="SEK" rate="9.6398"/><Cube currency="CHF" rate="1.093"/><Cube currency="NOK" rate="9.5713"/><Cube currency="HRK" rate="7.4103"/><Cube currency="RUB" rate="67.5449"/><Cube currency="TRY" rate="4.0134"/><Cube currency="AUD" rate="1.4851"/><Cube currency="BRL" rate="3.76"/><Cube currency="CAD" rate="1.4785"/><Cube currency="CNY" rate="7.7385"/><Cube currency="HKD" rate="8.9068"/><Cube currency="IDR" rate="15209.34"/><Cube currency="ILS" rate="3.9888"/><Cube currency="INR" rate="73.7445"/><Cube currency="KRW" rate="1304.56"/><Cube currency="MXN" rate="20.5839"/><Cube currency="MYR" rate="4.8986"/><Cube currency="NZD" rate="1.5554"/><Cube currency="PHP" rate="57.575"/><Cube currency="SGD" rate="1.571"/><Cube currency="THB" rate="38.744"/><Cube currency="ZAR" rate="14.92"/></Cube>
<Cube time="2017-06-29"><Cube currency="USD" rate="1.1413"/><Cube currency="JPY" rate="128.59"/><Cube currency="BGN" rate="1.9558"/><Cube currency="CZK" rate="26.3"/><Cube currency="DKK" rate="7.4367"/><Cube currency="GBP" rate="0.8799"/><Cube currency="HUF" rate="310.06"/><Cube currency="PLN" rate="4.2489"/><Cube currency="RON" rate="4.5744"/><Cube currency="SEK" rate="9.7215"/><Cube currency="CHF" rate="1.0935"/><Cube currency="NOK" rate="9.57"/><Cube currency="HRK" rate="7.4125"/><Cube currency="RUB" rate="67.3005"/><Cube currency="TRY" rate="4.0143"/><Cube currency="AUD" rate="1.4868"/><Cube currency="BRL" rate="3.7476"/><Cube currency="CAD" rate="1.4867"/><Cube currency="CNY" rate="7.7412"/><Cube currency="HKD" rate="8.9107"/><Cube currency="IDR" rate="15216.95"/><Cube currency="ILS" rate="3.9894"/><Cube currency="INR" rate="73.713"/><Cube currency="KRW" rate="1304.08"/><Cube currency="MXN" rate="20.47"/><Cube currency="MYR" rate="4.9002"/><Cube currency="NZD" rate="1.5651"/><Cube currency="PHP" rate="57.706"/><Cube currency="SGD" rate="1.5751"/><Cube currency="THB" rate="38.787"/><Cube currency="ZAR" rate="14.8261"/></Cube>
<Cube time="2017-06-28"><Cube currency="USD" rate="1.1375"/><Cube currency="JPY" rate="127.53"/><Cube currency="BGN" rate="1.9558"/><Cube currency="CZK" rate="26.326"/><Cube currency="DKK" rate="7.4366"/><Cube currency="GBP" rate="0.88525"/><Cube currency="HUF" rate="309.54"/><Cube currency="PLN" rate="4.2375"/><Cube currency="RON" rate="4.551"/><Cube currency="SEK" rate="9.778"/><Cube currency="CHF" rate="1.0913"/><Cube currency="NOK" rate="9.602"/><Cube currency="HRK" rate="7.4128"/><Cube currency="RUB" rate="67.9014"/><Cube currency="TRY" rate="4.0079"/><Cube currency="AUD" rate="1.4986"/><Cube currency="BRL" rate="3.7632"/><Cube currency="CAD" rate="1.4888"/><Cube currency="CNY" rate="7.7348"/><Cube currency="HKD" rate="8.8759"/><Cube currency="IDR" rate="15160.03"/><Cube currency="ILS" rate="4.004"/><Cube currency="INR" rate="73.4345"/><Cube currency="KRW" rate="1300.61"/><Cube currency="MXN" rate="20.4344"/><Cube currency="MYR" rate="4.8922"/><Cube currency="NZD" rate="1.5648"/><Cube currency="PHP" rate="57.518"/><Cube currency="SGD" rate="1.5752"/><Cube currency="THB" rate="38.675"/><Cube currency="ZAR" rate="14.808"/></Cube>
<Cube time="2017-06-27"><Cube currency="USD" rate="1.1278"/><Cube currency="JPY" rate="126.16"/><Cube currency="BGN" rate="1.9558"/><Cube currency="CZK" rate="26.27"/><Cube currency="DKK" rate="7.4357"/><Cube currency="GBP" rate="0.8837"/><Cube currency="HUF" rate="309.4"/><Cube currency="PLN" rate="4.2151"/><Cube currency="RON" rate="4.5635"/><Cube currency="SEK" rate="9.7678"/><Cube currency="CHF" rate="1.0883"/><Cube currency="NOK" rate="9.52"/><Cube currency="HRK" rate="7.407"/><Cube currency="RUB" rate="66.553"/><Cube currency="TRY" rate="3.9525"/><Cube currency="AUD" rate="1.4819"/><Cube currency="BRL" rate="3.7216"/><Cube currency="CAD" rate="1.4895"/><Cube currency="CNY" rate="7.6853"/><Cube currency="HKD" rate="8.7972"/><Cube currency="IDR" rate="15007.64"/><Cube currency="ILS" rate="3.9663"/><Cube currency="INR" rate="72.7545"/><Cube currency="KRW" rate="1283.79"/><Cube currency="MXN" rate="20.1288"/><Cube currency="MYR" rate="4.836"/><Cube currency="NZD" rate="1.5431"/><Cube currency="PHP" rate="56.653"/><Cube currency="SGD" rate="1.5626"/><Cube currency="THB" rate="38.289"/><Cube currency="ZAR" rate="14.5572"/></Cube>
<Cube time="2017-06-26"><Cube currency="USD" rate="1.1187"/><Cube currency="JPY" rate="124.93"/><Cube currency="BGN" rate="1.9558"/><Cube currency="CZK" rate="26.243"/><Cube currency="DKK" rate="7.4364"/><Cube currency="GBP" rate="0.8783"/><Cube currency="HUF" rate="309.48"/><Cube currency="PLN" rate="4.2108"/><Cube currency="RON" rate="4.5749"/><Cube currency="SEK" rate="9.7618"/><Cube currency="CHF" rate="1.0881"/><Cube currency="NOK" rate="9.4788"/><Cube currency="HRK" rate="7.4126"/><Cube currency="RUB" rate="66.039"/><Cube currency="TRY" rate="3.9244"/><Cube currency="AUD" rate="1.4771"/><Cube currency="BRL" rate="3.7259"/><Cube currency="CAD" rate="1.4812"/><Cube currency="CNY" rate="7.6541"/><Cube currency="HKD" rate="8.7254"/><Cube currency="IDR" rate="14882.47"/><Cube currency="ILS" rate="3.9501"/><Cube currency="INR" rate="72.098"/><Cube currency="KRW" rate="1271.44"/><Cube currency="MXN" rate="20.0412"/><Cube currency="MYR" rate="4.797"/><Cube currency="NZD" rate="1.5371"/><Cube currency="PHP" rate="56.151"/><Cube currency="SGD" rate="1.5533"/><Cube currency="THB" rate="38.008"/><Cube currency="ZAR" rate="14.4089"/></Cube>
<Cube time="2017-06-23"><Cube currency="USD" rate="1.1173"/><Cube currency="JPY" rate="124.36"/><Cube currency="BGN" rate="1.9558"/><Cube currency="CZK" rate="26.297"/><Cube currency="DKK" rate="7.4372"/><Cube currency="GBP" rate="0.87805"/><Cube currency="HUF" rate="309.13"/><Cube currency="PLN" rate="4.232"/><Cube currency="RON" rate="4.5715"/><Cube currency="SEK" rate="9.77"/><Cube currency="CHF" rate="1.0851"/><Cube currency="NOK" rate="9.4613"/><Cube currency="HRK" rate="7.403"/><Cube currency="RUB" rate="66.6677"/><Cube currency="TRY" rate="3.9235"/><Cube currency="AUD" rate="1.4764"/><Cube currency="BRL" rate="3.7293"/><Cube currency="CAD" rate="1.4783"/><Cube currency="CNY" rate="7.6413"/><Cube currency="HKD" rate="8.7147"/><Cube currency="IDR" rate="14865.68"/><Cube currency="ILS" rate="3.9572"/><Cube currency="INR" rate="72.1025"/><Cube currency="KRW" rate="1271.16"/><Cube currency="MXN" rate="20.162"/><Cube currency="MYR" rate="4.791"/><Cube currency="NZD" rate="1.5345"/><Cube currency="PHP" rate="56.117"/><Cube currency="SGD" rate="1.5496"/><Cube currency="THB" rate="37.927"/><Cube currency="ZAR" rate="14.4531"/></Cube>
<Cube time="2017-06-22"><Cube currency="USD" rate="1.1169"/><Cube currency="JPY" rate="124.27"/><Cube currency="BGN" rate="1.9558"/><Cube currency="CZK" rate="26.27"/><Cube currency="DKK" rate="7.4388"/><Cube currency="GBP" rate="0.88168"/><Cube currency="HUF" rate="309.22"/><Cube currency="PLN" rate="4.2402"/><Cube currency="RON" rate="4.5823"/><Cube currency="SEK" rate="9.7683"/><Cube currency="CHF" rate="1.0867"/><Cube currency="NOK" rate="9.4855"/><Cube currency="HRK" rate="7.4215"/><Cube currency="RUB" rate="66.7825"/><Cube currency="TRY" rate="3.9277"/><Cube currency="AUD" rate="1.4812"/><Cube currency="BRL" rate="3.7164"/><Cube currency="CAD" rate="1.4853"/><Cube currency="CNY" rate="7.6323"/><Cube currency="HKD" rate="8.7127"/><Cube currency="IDR" rate="14885.48"/><Cube currency="ILS" rate="3.9584"/><Cube currency="INR" rate="72.1515"/><Cube currency="KRW" rate="1275.96"/><Cube currency="MXN" rate="20.2844"/><Cube currency="MYR" rate="4.8021"/><Cube currency="NZD" rate="1.5395"/><Cube currency="PHP" rate="56.234"/><Cube currency="SGD" rate="1.5529"/><Cube currency="THB" rate="37.975"/><Cube currency="ZAR" rate="14.5204"/></Cube>
<Cube time="2017-06-21"><Cube currency="USD" rate="1.1147"/><Cube currency="JPY" rate="124.21"/><Cube currency="BGN" rate="1.9558"/><Cube currency="CZK" rate="26.266"/><Cube currency="DKK" rate="7.4403"/><Cube currency="GBP" rate="0.8781"/><Cube currency="HUF" rate="309.13"/><Cube currency="PLN" rate="4.2368"/><Cube currency="RON" rate="4.59"/><Cube currency="SEK" rate="9.7808"/><Cube currency="CHF" rate="1.0857"/><Cube currency="NOK" rate="9.5158"/><Cube currency="HRK" rate="7.4165"/><Cube currency="RUB" rate="66.2425"/><Cube currency="TRY" rate="3.9311"/><Cube currency="AUD" rate="1.4738"/><Cube currency="BRL" rate="3.7028"/><Cube currency="CAD" rate="1.4803"/><Cube currency="CNY" rate="7.6091"/><Cube currency="HKD" rate="8.6954"/><Cube currency="IDR" rate="14833.9"/><Cube currency="ILS" rate="3.947"/><Cube currency="INR" rate="71.9005"/><Cube currency="KRW" rate="1273.11"/><Cube currency="MXN" rate="20.2564"/><Cube currency="MYR" rate="4.7793"/><Cube currency="NZD" rate="1.5402"/><Cube currency="PHP" rate="56.053"/><Cube currency="SGD" rate="1.5487"/><Cube currency="THB" rate="37.9"/><Cube currency="ZAR" rate="14.5255"/></Cube>
<Cube time="2017-06-20"><Cube currency="USD" rate="1.1156"/><Cube currency="JPY" rate="124.25"/><Cube currency="BGN" rate="1.9558"/><Cube currency="CZK" rate="26.293"/><Cube currency="DKK" rate="7.4378"/><Cube currency="GBP" rate="0.88143"/><Cube currency="HUF" rate="309.13"/><Cube currency="PLN" rate="4.2306"/><Cube currency="RON" rate="4.5988"/><Cube currency="SEK" rate="9.7575"/><Cube currency="CHF" rate="1.0854"/><Cube currency="NOK" rate="9.493"/><Cube currency="HRK" rate="7.4175"/><Cube currency="RUB" rate="66.2746"/><Cube currency="TRY" rate="3.945"/><Cube currency="AUD" rate="1.4674"/><Cube currency="BRL" rate="3.6845"/><Cube currency="CAD" rate="1.4812"/><Cube currency="CNY" rate="7.6159"/><Cube currency="HKD" rate="8.7015"/><Cube currency="IDR" rate="14830.34"/><Cube currency="ILS" rate="3.9482"/><Cube currency="INR" rate="71.9705"/><Cube currency="KRW" rate="1271.75"/><Cube currency="MXN" rate="20.2098"/><Cube currency="MYR" rate="4.785"/><Cube currency="NZD" rate="1.5414"/><Cube currency="PHP" rate="55.902"/><Cube currency="SGD" rate="1.5482"/><Cube currency="THB" rate="37.919"/><Cube currency="ZAR" rate="14.6166"/></Cube>
<Cube time="2017-06-19"><Cube currency="USD" rate="1.1199"/><Cube currency="JPY" rate="124.26"/><Cube currency="BGN" rate="1.9558"/><Cube currency="CZK" rate="26.172"/><Cube currency="DKK" rate="7.4371"/><Cube currency="GBP" rate="0.87518"/><Cube currency="HUF" rate="307.09"/><Cube currency="PLN" rate="4.2125"/><Cube currency="RON" rate="4.5901"/><Cube currency="SEK" rate="9.7443"/><Cube currency="CHF" rate="1.087"/><Cube currency="NOK" rate="9.4518"/><Cube currency="HRK" rate="7.4148"/><Cube currency="RUB" rate="65.1757"/><Cube currency="TRY" rate="3.9297"/><Cube currency="AUD" rate="1.4705"/><Cube currency="BRL" rate="3.6957"/><Cube currency="CAD" rate="1.4827"/><Cube currency="CNY" rate="7.6342"/><Cube currency="HKD" rate="8.735"/><Cube currency="IDR" rate="14872.95"/><Cube currency="ILS" rate="3.9448"/><Cube currency="INR" rate="72.1465"/><Cube currency="KRW" rate="1269.76"/><Cube currency="MXN" rate="20.1198"/><Cube currency="MYR" rate="4.7904"/><Cube currency="NZD" rate="1.5411"/><Cube currency="PHP" rate="56.012"/><Cube currency="SGD" rate="1.5483"/><Cube currency="THB" rate="38.009"/><Cube currency="ZAR" rate="14.5349"/></Cube>
<Cube time="2017-06-16"><Cube currency="USD" rate="1.1167"/><Cube currency="JPY" rate="124.33"/><Cube currency="BGN" rate="1.9558"/><Cube currency="CZK" rate="26.233"/><Cube currency="DKK" rate="7.4361"/><Cube currency="GBP" rate="0.87453"/><Cube currency="HUF" rate="307.91"/><Cube currency="PLN" rate="4.2184"/><Cube currency="RON" rate="4.5835"/><Cube currency="SEK" rate="9.737"/><Cube currency="CHF" rate="1.0885"/><Cube currency="NOK" rate="9.4615"/><Cube currency="HRK" rate="7.3995"/><Cube currency="RUB" rate="64.23"/><Cube currency="TRY" rate="3.9225"/><Cube currency="AUD" rate="1.4683"/><Cube currency="BRL" rate="3.6681"/><Cube currency="CAD" rate="1.4766"/><Cube currency="CNY" rate="7.6089"/><Cube currency="HKD" rate="8.7108"/><Cube currency="IDR" rate="14849.32"/><Cube currency="ILS" rate="3.939"/><Cube currency="INR" rate="71.9515"/><Cube currency="KRW" rate="1265.35"/><Cube currency="MXN" rate="20.0887"/><Cube currency="MYR" rate="4.7756"/><Cube currency="NZD" rate="1.5441"/><Cube currency="PHP" rate="55.614"/><Cube currency="SGD" rate="1.5457"/><Cube currency="THB" rate="37.923"/><Cube currency="ZAR" rate="14.3831"/></Cube>
<Cube time="2017-06-15"><Cube currency="USD" rate="1.1166"/><Cube currency="JPY" rate="122.95"/><Cube currency="BGN" rate="1.9558"/><Cube currency="CZK" rate="26.213"/><Cube currency="DKK" rate="7.436"/><Cube currency="GBP" rate="0.8764"/><Cube currency="HUF" rate="307.79"/><Cube currency="PLN" rate="4.2122"/><Cube currency="RON" rate="4.5893"/><Cube currency="SEK" rate="9.7278"/><Cube currency="CHF" rate="1.0874"/><Cube currency="NOK" rate="9.4718"/><Cube currency="HRK" rate="7.405"/><Cube currency="RUB" rate="64.3175"/><Cube currency="TRY" rate="3.9266"/><Cube currency="AUD" rate="1.4722"/><Cube currency="BRL" rate="3.6559"/><Cube currency="CAD" rate="1.4826"/><Cube currency="CNY" rate="7.5985"/><Cube currency="HKD" rate="8.7118"/><Cube currency="IDR" rate="14871.15"/><Cube currency="ILS" rate="3.9332"/><Cube currency="INR" rate="72.142"/><Cube currency="KRW" rate="1263.07"/><Cube currency="MXN" rate="20.1825"/><Cube currency="MYR" rate="4.7651"/><Cube currency="NZD" rate="1.5505"/><Cube currency="PHP" rate="55.657"/><Cube currency="SGD" rate="1.5444"/><Cube currency="THB" rate="37.953"/><Cube currency="ZAR" rate="14.3723"/></Cube>
<Cube time="2017-06-14"><Cube currency="USD" rate="1.1203"/><Cube currency="JPY" rate="123.58"/><Cube currency="BGN" rate="1.9558"/><Cube currency="CZK" rate="26.163"/><Cube currency="DKK" rate="7.4363"/><Cube currency="GBP" rate="0.8796"/><Cube currency="HUF" rate="306.39"/><Cube currency="PLN" rate="4.1967"/><Cube currency="RON" rate="4.5664"/><Cube currency="SEK" rate="9.7448"/><Cube currency="CHF" rate="1.0874"/><Cube currency="NOK" rate="9.414"/><Cube currency="HRK" rate="7.3995"/><Cube currency="RUB" rate="63.945"/><Cube currency="TRY" rate="3.9362"/><Cube currency="AUD" rate="1.4778"/><Cube currency="BRL" rate="3.7027"/><Cube currency="CAD" rate="1.4796"/><Cube currency="CNY" rate="7.6147"/><Cube currency="HKD" rate="8.7392"/><Cube currency="IDR" rate="14880.38"/><Cube currency="ILS" rate="3.9541"/><Cube currency="INR" rate="72.035"/><Cube currency="KRW" rate="1260.45"/><Cube currency="MXN" rate="20.2078"/><Cube currency="MYR" rate="4.7702"/><Cube currency="NZD" rate="1.5453"/><Cube currency="PHP" rate="55.465"/><Cube currency="SGD" rate="1.5457"/><Cube currency="THB" rate="38.023"/><Cube currency="ZAR" rate="14.2697"/></Cube>
<Cube time="2017-06-13"><Cube currency="USD" rate="1.1217"/><Cube currency="JPY" rate="123.43"/><Cube currency="BGN" rate="1.9558"/><Cube currency="CZK" rate="26.147"/><Cube currency="DKK" rate="7.4365"/><Cube currency="GBP" rate="0.88075"/><Cube currency="HUF" rate="306.97"/><Cube currency="PLN" rate="4.1936"/><Cube currency="RON" rate="4.5662"/><Cube currency="SEK" rate="9.7443"/><Cube currency="CHF" rate="1.085"/><Cube currency="NOK" rate="9.454"/><Cube currency="HRK" rate="7.4085"/><Cube currency="RUB" rate="63.8205"/><Cube currency="TRY" rate="3.9519"/><Cube currency="AUD" rate="1.488"/><Cube currency="BRL" rate="3.7045"/><Cube currency="CAD" rate="1.4892"/><Cube currency="CNY" rate="7.6245"/><Cube currency="HKD" rate="8.7489"/><Cube currency="IDR" rate="14904.08"/><Cube currency="ILS" rate="3.9549"/><Cube currency="INR" rate="72.193"/><Cube currency="KRW" rate="1265.98"/><Cube currency="MXN" rate="20.3188"/><Cube currency="MYR" rate="4.7812"/><Cube currency="NZD" rate="1.5528"/><Cube currency="PHP" rate="55.51"/><Cube currency="SGD" rate="1.5501"/><Cube currency="THB" rate="38.048"/><Cube currency="ZAR" rate="14.3297"/></Cube>
<Cube time="2017-06-12"><Cube currency="USD" rate="1.1221"/><Cube currency="JPY" rate="123.3"/><Cube currency="BGN" rate="1.9558"/><Cube currency="CZK" rate="26.198"/><Cube currency="DKK" rate="7.4367"/><Cube currency="GBP" rate="0.88545"/><Cube currency="HUF" rate="307.18"/><Cube currency="PLN" rate="4.1899"/><Cube currency="RON" rate="4.562"/><Cube currency="SEK" rate="9.7803"/><Cube currency="CHF" rate="1.0857"/><Cube currency="NOK" rate="9.4985"/><Cube currency="HRK" rate="7.4115"/><Cube currency="RUB" rate="63.9585"/><Cube currency="TRY" rate="3.9459"/><Cube currency="AUD" rate="1.4875"/><Cube currency="BRL" rate="3.684"/><Cube currency="CAD" rate="1.5078"/><Cube currency="CNY" rate="7.6284"/><Cube currency="HKD" rate="8.751"/><Cube currency="IDR" rate="14921.69"/><Cube currency="ILS" rate="3.9644"/><Cube currency="INR" rate="72.308"/><Cube currency="KRW" rate="1270.17"/><Cube currency="MXN" rate="20.3762"/><Cube currency="MYR" rate="4.7858"/><Cube currency="NZD" rate="1.5583"/><Cube currency="PHP" rate="55.624"/><Cube currency="SGD" rate="1.5531"/><Cube currency="THB" rate="38.219"/><Cube currency="ZAR" rate="14.3757"/></Cube>
<Cube time="2017-06-09"><Cube currency="USD" rate="1.1176"/><Cube currency="JPY" rate="123.44"/><Cube currency="BGN" rate="1.9558"/><Cube currency="CZK" rate="26.223"/><Cube currency="DKK" rate="7.4378"/><Cube currency="GBP" rate="0.87638"/><Cube currency="HUF" rate="307.32"/><Cube currency="PLN" rate="4.1903"/><Cube currency="RON" rate="4.5628"/><Cube currency="SEK" rate="9.7615"/><Cube currency="CHF" rate="1.0863"/><Cube currency="NOK" rate="9.5218"/><Cube currency="HRK" rate="7.415"/><Cube currency="RUB" rate="63.6657"/><Cube currency="TRY" rate="3.9444"/><Cube currency="AUD" rate="1.4837"/><Cube currency="BRL" rate="3.6476"/><Cube currency="CAD" rate="1.5098"/><Cube currency="CNY" rate="7.5962"/><Cube currency="HKD" rate="8.7136"/><Cube currency="IDR" rate="14862.96"/><Cube currency="ILS" rate="3.9387"/><Cube currency="INR" rate="71.8"/><Cube currency="KRW" rate="1256.54"/><Cube currency="MXN" rate="20.3526"/><Cube currency="MYR" rate="4.7666"/><Cube currency="NZD" rate="1.552"/><Cube currency="PHP" rate="55.332"/><Cube currency="SGD" rate="1.5469"/><Cube currency="THB" rate="38.077"/><Cube currency="ZAR" rate="14.4002"/></Cube>
<Cube time="2017-06-08"><Cube currency="USD" rate="1.1229"/><Cube currency="JPY" rate="123.77"/><Cube currency="BGN" rate="1.9558"/><Cube currency="CZK" rate="26.268"/><Cube currency="DKK" rate="7.4383"/><Cube currency="GBP" rate="0.86755"/><Cube currency="HUF" rate="308.01"/><Cube currency="PLN" rate="4.2065"/><Cube currency="RON" rate="4.5665"/><Cube currency="SEK" rate="9.7885"/><Cube currency="CHF" rate="1.0856"/><Cube currency="NOK" rate="9.5233"/><Cube currency="HRK" rate="7.4228"/><Cube currency="RUB" rate="64.0135"/><Cube currency="TRY" rate="3.9865"/><Cube currency="AUD" rate="1.4894"/><Cube currency="BRL" rate="3.6852"/><Cube currency="CAD" rate="1.5175"/><Cube currency="CNY" rate="7.6332"/><Cube currency="HKD" rate="8.7551"/><Cube currency="IDR" rate="14932.32"/><Cube currency="ILS" rate="3.9704"/><Cube currency="INR" rate="72.1365"/><Cube currency="KRW" rate="1261.42"/><Cube currency="MXN" rate="20.47"/><Cube currency="MYR" rate="4.7931"/><Cube currency="NZD" rate="1.5575"/><Cube currency="PHP" rate="55.624"/><Cube currency="SGD" rate="1.5525"/><Cube currency="THB" rate="38.22"/><Cube currency="ZAR" rate="14.4476"/></Cube>
<Cube time="2017-06-07"><Cube currency="USD" rate="1.1217"/><Cube currency="JPY" rate="122.78"/><Cube currency="BGN" rate="1.9558"/><Cube currency="CZK" rate="26.316"/><Cube currency="DKK" rate="7.4387"/><Cube currency="GBP" rate="0.86908"/><Cube currency="HUF" rate="308.66"/><Cube currency="PLN" rate="4.1913"/><Cube currency="RON" rate="4.5703"/><Cube currency="SEK" rate="9.7953"/><Cube currency="CHF" rate="1.0843"/><Cube currency="NOK" rate="9.5023"/><Cube currency="HRK" rate="7.4058"/><Cube currency="RUB" rate="63.5152"/><Cube currency="TRY" rate="3.9747"/><Cube currency="AUD" rate="1.4845"/><Cube currency="BRL" rate="3.6694"/><Cube currency="CAD" rate="1.5085"/><Cube currency="CNY" rate="7.6253"/><Cube currency="HKD" rate="8.7422"/><Cube currency="IDR" rate="14919.73"/><Cube currency="ILS" rate="3.9772"/><Cube currency="INR" rate="72.178"/><Cube currency="KRW" rate="1261.41"/><Cube currency="MXN" rate="20.4388"/><Cube currency="MYR" rate="4.779"/><Cube currency="NZD" rate="1.5599"/><Cube currency="PHP" rate="55.573"/><Cube currency="SGD" rate="1.5499"/><Cube currency="THB" rate="38.166"/><Cube currency="ZAR" rate="14.4307"/></Cube>
<Cube time="2017-06-06"><Cube currency="USD" rate="1.1258"/><Cube currency="JPY" rate="123.12"/><Cube currency="BGN" rate="1.9558"/><Cube currency="CZK" rate="26.336"/><Cube currency="DKK" rate="7.4384"/><Cube currency="GBP" rate="0.8723"/><Cube currency="HUF" rate="307.66"/><Cube currency="PLN" rate="4.1992"/><Cube currency="RON" rate="4.566"/><Cube currency="SEK" rate="9.7503"/><Cube currency="CHF" rate="1.0851"/><Cube currency="NOK" rate="9.5158"/><Cube currency="HRK" rate="7.4065"/><Cube currency="RUB" rate="63.8407"/><Cube currency="TRY" rate="3.9736"/><Cube currency="AUD" rate="1.504"/><Cube currency="BRL" rate="3.7117"/><Cube currency="CAD" rate="1.517"/><Cube currency="CNY" rate="7.6491"/><Cube currency="HKD" rate="8.7751"/><Cube currency="IDR" rate="14967.28"/><Cube currency="ILS" rate="3.9922"/><Cube currency="INR" rate="72.5835"/><Cube currency="KRW" rate="1261.08"/><Cube currency="MXN" rate="20.6935"/><Cube currency="MYR" rate="4.8032"/><Cube currency="NZD" rate="1.5694"/><Cube currency="PHP" rate="55.745"/><Cube currency="SGD" rate="1.5553"/><Cube currency="THB" rate="38.221"/><Cube currency="ZAR" rate="14.4651"/></Cube>
<Cube time="2017-06-05"><Cube currency="USD" rate="1.1249"/><Cube currency="JPY" rate="124.3"/><Cube currency="BGN" rate="1.9558"/><Cube currency="CZK" rate="26.327"/><Cube currency="DKK" rate="7.4398"/><Cube currency="GBP" rate="0.8713"/><Cube currency="HUF" rate="307.22"/><Cube currency="PLN" rate="4.1838"/><Cube currency="RON" rate="4.5698"/><Cube currency="SEK" rate="9.7448"/><Cube currency="CHF" rate="1.0856"/><Cube currency="NOK" rate="9.489"/><Cube currency="HRK" rate="7.4008"/><Cube currency="RUB" rate="63.715"/><Cube currency="TRY" rate="3.9562"/><Cube currency="AUD" rate="1.504"/><Cube currency="BRL" rate="3.666"/><Cube currency="CAD" rate="1.5174"/><Cube currency="CNY" rate="7.6553"/><Cube currency="HKD" rate="8.7651"/><Cube currency="IDR" rate="14945.42"/><Cube currency="ILS" rate="3.9923"/><Cube currency="INR" rate="72.402"/><Cube currency="KRW" rate="1258.29"/><Cube currency="MXN" rate="20.6918"/><Cube currency="MYR" rate="4.796"/><Cube currency="NZD" rate="1.5769"/><Cube currency="PHP" rate="55.585"/><Cube currency="SGD" rate="1.5541"/><Cube currency="THB" rate="38.28"/><Cube currency="ZAR" rate="14.3317"/></Cube>
<Cube time="2017-06-02"><Cube currency="USD" rate="1.1217"/><Cube currency="JPY" rate="125.02"/><Cube currency="BGN" rate="1.9558"/><Cube currency="CZK" rate="26.36"/><Cube currency="DKK" rate="7.4392"/><Cube currency="GBP" rate="0.87268"/><Cube currency="HUF" rate="308.45"/><Cube currency="PLN" rate="4.1925"/><Cube currency="RON" rate="4.5653"/><Cube currency="SEK" rate="9.7433"/><Cube currency="CHF" rate="1.0893"/><Cube currency="NOK" rate="9.4918"/><Cube currency="HRK" rate="7.4113"/><Cube currency="RUB" rate="63.4621"/><Cube currency="TRY" rate="3.9601"/><Cube currency="AUD" rate="1.5173"/><Cube currency="BRL" rate="3.6308"/><Cube currency="CAD" rate="1.5169"/><Cube currency="CNY" rate="7.6507"/><Cube currency="HKD" rate="8.7413"/><Cube currency="IDR" rate="14930.95"/><Cube currency="ILS" rate="3.9938"/><Cube currency="INR" rate="72.2855"/><Cube currency="KRW" rate="1259.95"/><Cube currency="MXN" rate="20.8982"/><Cube currency="MYR" rate="4.8014"/><Cube currency="NZD" rate="1.5811"/><Cube currency="PHP" rate="55.553"/><Cube currency="SGD" rate="1.5552"/><Cube currency="THB" rate="38.306"/><Cube currency="ZAR" rate="14.4367"/></Cube>
<Cube time="2017-06-01"><Cube currency="USD" rate="1.1219"/><Cube currency="JPY" rate="124.53"/><Cube currency="BGN" rate="1.9558"/><Cube currency="CZK" rate="26.397"/><Cube currency="DKK" rate="7.4394"/><Cube currency="GBP" rate="0.8723"/><Cube currency="HUF" rate="307.55"/><Cube currency="PLN" rate="4.183"/><Cube currency="RON" rate="4.5685"/><Cube currency="SEK" rate="9.776"/><Cube currency="CHF" rate="1.0883"/><Cube currency="NOK" rate="9.4895"/><Cube currency="HRK" rate="7.413"/><Cube currency="RUB" rate="63.5329"/><Cube currency="TRY" rate="3.9715"/><Cube currency="AUD" rate="1.5182"/><Cube currency="BRL" rate="3.6135"/><Cube currency="CAD" rate="1.5155"/><Cube currency="CNY" rate="7.6389"/><Cube currency="HKD" rate="8.7419"/><Cube currency="IDR" rate="14932.49"/><Cube currency="ILS" rate="3.984"/><Cube currency="INR" rate="72.3235"/><Cube currency="KRW" rate="1258.4"/><Cube currency="MXN" rate="20.9199"/><Cube currency="MYR" rate="4.8107"/><Cube currency="NZD" rate="1.587"/><Cube currency="PHP" rate="55.776"/><Cube currency="SGD" rate="1.5525"/><Cube currency="THB" rate="38.313"/><Cube currency="ZAR" rate="14.6408"/></Cube>
<Cube time="2017-05-31"><Cube currency="USD" rate="1.1221"/><Cube currency="JPY" rate="124.4"/><Cube currency="BGN" rate="1.9558"/><Cube currency="CZK" rate="26.422"/><Cube currency="DKK" rate="7.4398"/><Cube currency="GBP" rate="0.87365"/><Cube currency="HUF" rate="307.2"/><Cube currency="PLN" rate="4.1712"/><Cube currency="RON" rate="4.5655"/><Cube currency="SEK" rate="9.7558"/><Cube currency="CHF" rate="1.0896"/><Cube currency="NOK" rate="9.4388"/><Cube currency="HRK" rate="7.4135"/><Cube currency="RUB" rate="63.7056"/><Cube currency="TRY" rate="3.9684"/><Cube currency="AUD" rate="1.5054"/><Cube currency="BRL" rate="3.6485"/><Cube currency="CAD" rate="1.5108"/><Cube currency="CNY" rate="7.6449"/><Cube currency="HKD" rate="8.7421"/><Cube currency="IDR" rate="14932.91"/><Cube currency="ILS" rate="3.9757"/><Cube currency="INR" rate="72.334"/><Cube currency="KRW" rate="1255.01"/><Cube currency="MXN" rate="21.0559"/><Cube currency="MYR" rate="4.8037"/><Cube currency="NZD" rate="1.5789"/><Cube currency="PHP" rate="55.847"/><Cube currency="SGD" rate="1.5518"/><Cube currency="THB" rate="38.23"/><Cube currency="ZAR" rate="14.7374"/></Cube>
<Cube time="2017-05-30"><Cube currency="USD" rate="1.1173"/><Cube currency="JPY" rate="123.97"/><Cube currency="BGN" rate="1.9558"/><Cube currency="CZK" rate="26.467"/><Cube currency="DKK" rate="7.4396"/><Cube currency="GBP" rate="0.86793"/><Cube currency="HUF" rate="308.63"/><Cube currency="PLN" rate="4.176"/><Cube currency="RON" rate="4.566"/><Cube currency="SEK" rate="9.7688"/><Cube currency="CHF" rate="1.0903"/><Cube currency="NOK" rate="9.4398"/><Cube currency="HRK" rate="7.4195"/><Cube currency="RUB" rate="63.2618"/><Cube currency="TRY" rate="3.9738"/><Cube currency="AUD" rate="1.4992"/><Cube currency="BRL" rate="3.6509"/><Cube currency="CAD" rate="1.5048"/><Cube currency="CNY" rate="7.6597"/><Cube currency="HKD" rate="8.707"/><Cube currency="IDR" rate="14886.35"/><Cube currency="ILS" rate="3.9683"/><Cube currency="INR" rate="72.2415"/><Cube currency="KRW" rate="1255.99"/><Cube currency="MXN" rate="20.735"/><Cube currency="MYR" rate="4.7829"/><Cube currency="NZD" rate="1.5799"/><Cube currency="PHP" rate="55.634"/><Cube currency="SGD" rate="1.5484"/><Cube currency="THB" rate="38.133"/><Cube currency="ZAR" rate="14.6891"/></Cube>
<Cube time="2017-05-29"><Cube currency="USD" rate="1.1188"/><Cube currency="JPY" rate="124.57"/><Cube currency="BGN" rate="1.9558"/><Cube currency="CZK" rate="26.435"/><Cube currency="DKK" rate="7.4405"/><Cube currency="GBP" rate="0.87093"/><Cube currency="HUF" rate="307.84"/><Cube currency="PLN" rate="4.1797"/><Cube currency="RON" rate="4.5638"/><Cube currency="SEK" rate="9.7248"/><Cube currency="CHF" rate="1.09"/><Cube currency="NOK" rate="9.4065"/><Cube currency="HRK" rate="7.4135"/><Cube currency="RUB" rate="63.3437"/><Cube currency="TRY" rate="4.0022"/><Cube currency="AUD" rate="1.5045"/><Cube currency="BRL" rate="3.6538"/><Cube currency="CAD" rate="1.5053"/><Cube currency="CNY" rate="7.6714"/><Cube currency="HKD" rate="8.7202"/><Cube currency="IDR" rate="14896.82"/><Cube currency="ILS" rate="3.9968"/><Cube currency="INR" rate="72.205"/><Cube currency="KRW" rate="1254.24"/><Cube currency="MXN" rate="20.7083"/><Cube currency="MYR" rate="4.7775"/><Cube currency="NZD" rate="1.5792"/><Cube currency="PHP" rate="55.713"/><Cube currency="SGD" rate="1.5489"/><Cube currency="THB" rate="38.168"/><Cube currency="ZAR" rate="14.4857"/></Cube>
<Cube time="2017-05-26"><Cube currency="USD" rate="1.1196"/><Cube currency="JPY" rate="124.38"/><Cube currency="BGN" rate="1.9558"/><Cube currency="CZK" rate="26.434"/><Cube currency="DKK" rate="7.4415"/><Cube currency="GBP" rate="0.8719"/><Cube currency="HUF" rate="307.4"/><Cube currency="PLN" rate="4.183"/><Cube currency="RON" rate="4.5568"/><Cube currency="SEK" rate="9.7275"/><Cube currency="CHF" rate="1.0888"/><Cube currency="NOK" rate="9.4018"/><Cube currency="HRK" rate="7.424"/><Cube currency="RUB" rate="63.7967"/><Cube currency="TRY" rate="3.9963"/><Cube currency="AUD" rate="1.5038"/><Cube currency="BRL" rate="3.6609"/><Cube currency="CAD" rate="1.5077"/><Cube currency="CNY" rate="7.6782"/><Cube currency="HKD" rate="8.7249"/><Cube currency="IDR" rate="14891.55"/><Cube currency="ILS" rate="4.0008"/><Cube currency="INR" rate="72.2175"/><Cube currency="KRW" rate="1251.82"/><Cube currency="MXN" rate="20.6839"/><Cube currency="MYR" rate="4.779"/><Cube currency="NZD" rate="1.5856"/><Cube currency="PHP" rate="55.729"/><Cube currency="SGD" rate="1.5479"/><Cube currency="THB" rate="38.122"/><Cube currency="ZAR" rate="14.4108"/></Cube>
<Cube time="2017-05-25"><Cube currency="USD" rate="1.1214"/><Cube currency="JPY" rate="125.33"/><Cube currency="BGN" rate="1.9558"/><Cube currency="CZK" rate="26.413"/><Cube currency="DKK" rate="7.4409"/><Cube currency="GBP" rate="0.86528"/><Cube currency="HUF" rate="307.93"/><Cube currency="PLN" rate="4.1793"/><Cube currency="RON" rate="4.55"/><Cube currency="SEK" rate="9.7275"/><Cube currency="CHF" rate="1.0904"/><Cube currency="NOK" rate="9.333"/><Cube currency="HRK" rate="7.4305"/><Cube currency="RUB" rate="63.1321"/><Cube currency="TRY" rate="3.9967"/><Cube currency="AUD" rate="1.5022"/><Cube currency="BRL" rate="3.666"/><Cube currency="CAD" rate="1.5063"/><Cube currency="CNY" rate="7.7018"/><Cube currency="HKD" rate="8.7372"/><Cube currency="IDR" rate="14911.26"/><Cube currency="ILS" rate="4.0111"/><Cube currency="INR" rate="72.445"/><Cube currency="KRW" rate="1255.74"/><Cube currency="MXN" rate="20.6324"/><Cube currency="MYR" rate="4.7979"/><Cube currency="NZD" rate="1.5944"/><Cube currency="PHP" rate="55.924"/><Cube currency="SGD" rate="1.5525"/><Cube currency="THB" rate="38.363"/><Cube currency="ZAR" rate="14.4605"/></Cube>
<Cube time="2017-05-24"><Cube currency="USD" rate="1.1193"/><Cube currency="JPY" rate="125.15"/><Cube currency="BGN" rate="1.9558"/><Cube currency="CZK" rate="26.463"/><Cube currency="DKK" rate="7.4415"/><Cube currency="GBP" rate="0.8634"/><Cube currency="HUF" rate="308.11"/><Cube currency="PLN" rate="4.1867"/><Cube currency="RON" rate="4.5511"/><Cube currency="SEK" rate="9.7418"/><Cube currency="CHF" rate="1.0929"/><Cube currency="NOK" rate="9.3843"/><Cube currency="HRK" rate="7.428"/><Cube currency="RUB" rate="63.1545"/><Cube currency="TRY" rate="3.9924"/><Cube currency="AUD" rate="1.497"/><Cube currency="BRL" rate="3.6442"/><Cube currency="CAD" rate="1.5109"/><Cube currency="CNY" rate="7.7119"/><Cube currency="HKD" rate="8.7182"/><Cube currency="IDR" rate="14896.2"/><Cube currency="ILS" rate="4.0179"/><Cube currency="INR" rate="72.4575"/><Cube currency="KRW" rate="1256.7"/><Cube currency="MXN" rate="20.794"/><Cube currency="MYR" rate="4.8052"/><Cube currency="NZD" rate="1.5908"/><Cube currency="PHP" rate="55.944"/><Cube currency="SGD" rate="1.5539"/><Cube currency="THB" rate="38.454"/><Cube currency="ZAR" rate="14.4977"/></Cube>
<Cube time="2017-05-23"><Cube currency="USD" rate="1.1215"/><Cube currency="JPY" rate="124.62"/><Cube currency="BGN" rate="1.9558"/><Cube currency="CZK" rate="26.483"/><Cube currency="DKK" rate="7.444"/><Cube currency="GBP" rate="0.86463"/><Cube currency="HUF" rate="308.48"/><Cube currency="PLN" rate="4.198"/><Cube currency="RON" rate="4.5543"/><Cube currency="SEK" rate="9.7403"/><Cube currency="CHF" rate="1.0912"/><Cube currency="NOK" rate="9.376"/><Cube currency="HRK" rate="7.4323"/><Cube currency="RUB" rate="63.3563"/><Cube currency="TRY" rate="3.9971"/><Cube currency="AUD" rate="1.4939"/><Cube currency="BRL" rate="3.6718"/><Cube currency="CAD" rate="1.5104"/><Cube currency="CNY" rate="7.7277"/><Cube currency="HKD" rate="8.7337"/><Cube currency="IDR" rate="14916.24"/><Cube currency="ILS" rate="4.0229"/><Cube currency="INR" rate="72.7795"/><Cube currency="KRW" rate="1260.51"/><Cube currency="MXN" rate="20.8753"/><Cube currency="MYR" rate="4.8152"/><Cube currency="NZD" rate="1.5929"/><Cube currency="PHP" rate="55.832"/><Cube currency="SGD" rate="1.5569"/><Cube currency="THB" rate="38.557"/><Cube currency="ZAR" rate="14.808"/></Cube>
<Cube time="2017-05-22"><Cube currency="USD" rate="1.1243"/><Cube currency="JPY" rate="125.18"/><Cube currency="BGN" rate="1.9558"/><Cube currency="CZK" rate="26.488"/><Cube currency="DKK" rate="7.4432"/><Cube currency="GBP" rate="0.86353"/><Cube currency="HUF" rate="308.65"/><Cube currency="PLN" rate="4.1927"/><Cube currency="RON" rate="4.5609"/><Cube currency="SEK" rate="9.7895"/><Cube currency="CHF" rate="1.0911"/><Cube currency="NOK" rate="9.3723"/><Cube currency="HRK" rate="7.4415"/><Cube currency="RUB" rate="63.7417"/><Cube currency="TRY" rate="4.0027"/><Cube currency="AUD" rate="1.5049"/><Cube currency="BRL" rate="3.7029"/><Cube currency="CAD" rate="1.5174"/><Cube currency="CNY" rate="7.7457"/><Cube currency="HKD" rate="8.7533"/><Cube currency="IDR" rate="14926"/><Cube currency="ILS" rate="4.0269"/><Cube currency="INR" rate="72.557"/><Cube currency="KRW" rate="1256.08"/><Cube currency="MXN" rate="20.9641"/><Cube currency="MYR" rate="4.8395"/><Cube currency="NZD" rate="1.612"/><Cube currency="PHP" rate="55.863"/><Cube currency="SGD" rate="1.5581"/><Cube currency="THB" rate="38.642"/><Cube currency="ZAR" rate="14.8198"/></Cube>
<Cube time="2017-05-19"><Cube currency="USD" rate="1.1179"/><Cube currency="JPY" rate="124.35"/><Cube currency="BGN" rate="1.9558"/><Cube currency="CZK" rate="26.503"/><Cube currency="DKK" rate="7.4411"/><Cube currency="GBP" rate="0.85908"/><Cube currency="HUF" rate="309.6"/><Cube currency="PLN" rate="4.2005"/><Cube currency="RON" rate="4.5602"/><Cube currency="SEK" rate="9.7893"/><Cube currency="CHF" rate="1.0921"/><Cube currency="NOK" rate="9.3923"/><Cube currency="HRK" rate="7.439"/><Cube currency="RUB" rate="63.781"/><Cube currency="TRY" rate="4.0275"/><Cube currency="AUD" rate="1.5031"/><Cube currency="BRL" rate="3.7227"/><Cube currency="CAD" rate="1.5169"/><Cube currency="CNY" rate="7.7015"/><Cube currency="HKD" rate="8.6999"/><Cube currency="IDR" rate="14881.48"/><Cube currency="ILS" rate="4.0087"/><Cube currency="INR" rate="72.202"/><Cube currency="KRW" rate="1251.53"/><Cube currency="MXN" rate="20.9378"/><Cube currency="MYR" rate="4.831"/><Cube currency="NZD" rate="1.6227"/><Cube currency="PHP" rate="55.564"/><Cube currency="SGD" rate="1.5509"/><Cube currency="THB" rate="38.422"/><Cube currency="ZAR" rate="14.8274"/></Cube>
<Cube time="2017-05-18"><Cube currency="USD" rate="1.1129"/><Cube currency="JPY" rate="123.05"/><Cube currency="BGN" rate="1.9558"/><Cube currency="CZK" rate="26.632"/><Cube currency="DKK" rate="7.4414"/><Cube currency="GBP" rate="0.85363"/><Cube currency="HUF" rate="310.69"/><Cube currency="PLN" rate="4.2232"/><Cube currency="RON" rate="4.5683"/><Cube currency="SEK" rate="9.7655"/><Cube currency="CHF" rate="1.0874"/><Cube currency="NOK" rate="9.4113"/><Cube currency="HRK" rate="7.454"/><Cube currency="RUB" rate="64.5335"/><Cube currency="TRY" rate="4.0461"/><Cube currency="AUD" rate="1.4957"/><Cube currency="BRL" rate="3.4888"/><Cube currency="CAD" rate="1.5183"/><Cube currency="CNY" rate="7.6698"/><Cube currency="HKD" rate="8.6615"/><Cube currency="IDR" rate="14986.31"/><Cube currency="ILS" rate="4.0115"/><Cube currency="INR" rate="72.3908"/><Cube currency="KRW" rate="1260.82"/><Cube currency="MXN" rate="21.275"/><Cube currency="MYR" rate="4.8273"/><Cube currency="NZD" rate="1.6057"/><Cube currency="PHP" rate="55.648"/><Cube currency="SGD" rate="1.5491"/><Cube currency="THB" rate="38.389"/><Cube currency="ZAR" rate="15.0561"/></Cube>
<Cube time="2017-05-17"><Cube currency="USD" rate="1.1117"/><Cube currency="JPY" rate="124.82"/><Cube currency="BGN" rate="1.9558"/><Cube currency="CZK" rate="26.435"/><Cube currency="DKK" rate="7.4403"/><Cube currency="GBP" rate="0.85745"/><Cube currency="HUF" rate="309.42"/><Cube currency="PLN" rate="4.1867"/><Cube currency="RON" rate="4.5584"/><Cube currency="SEK" rate="9.7573"/><Cube currency="CHF" rate="1.0923"/><Cube currency="NOK" rate="9.3708"/><Cube currency="HRK" rate="7.4313"/><Cube currency="RUB" rate="63.0276"/><Cube currency="TRY" rate="3.9472"/><Cube currency="AUD" rate="1.5014"/><Cube currency="BRL" rate="3.4446"/><Cube currency="CAD" rate="1.5136"/><Cube currency="CNY" rate="7.6552"/><Cube currency="HKD" rate="8.6573"/><Cube currency="IDR" rate="14798.95"/><Cube currency="ILS" rate="4.004"/><Cube currency="INR" rate="71.261"/><Cube currency="KRW" rate="1244.79"/><Cube currency="MXN" rate="20.7537"/><Cube currency="MYR" rate="4.8059"/><Cube currency="NZD" rate="1.613"/><Cube currency="PHP" rate="55.247"/><Cube currency="SGD" rate="1.55"/><Cube currency="THB" rate="38.37"/><Cube currency="ZAR" rate="14.5533"/></Cube>
<Cube time="2017-05-16"><Cube currency="USD" rate="1.1059"/><Cube currency="JPY" rate="125.67"/><Cube currency="BGN" rate="1.9558"/><Cube currency="CZK" rate="26.42"/><Cube currency="DKK" rate="7.4394"/><Cube currency="GBP" rate="0.85868"/><Cube currency="HUF" rate="309.54"/><Cube currency="PLN" rate="4.1984"/><Cube currency="RON" rate="4.5478"/><Cube currency="SEK" rate="9.7215"/><Cube currency="CHF" rate="1.0958"/><Cube currency="NOK" rate="9.3918"/><Cube currency="HRK" rate="7.4303"/><Cube currency="RUB" rate="62.3"/><Cube currency="TRY" rate="3.933"/><Cube currency="AUD" rate="1.492"/><Cube currency="BRL" rate="3.4316"/><Cube currency="CAD" rate="1.5058"/><Cube currency="CNY" rate="7.6185"/><Cube currency="HKD" rate="8.6143"/><Cube currency="IDR" rate="14709.02"/><Cube currency="ILS" rate="3.9874"/><Cube currency="INR" rate="70.8505"/><Cube currency="KRW" rate="1234.76"/><Cube currency="MXN" rate="20.6886"/><Cube currency="MYR" rate="4.7791"/><Cube currency="NZD" rate="1.609"/><Cube currency="PHP" rate="54.898"/><Cube currency="SGD" rate="1.5457"/><Cube currency="THB" rate="38.187"/><Cube currency="ZAR" rate="14.5287"/></Cube>
<Cube time="2017-05-15"><Cube currency="USD" rate="1.0972"/><Cube currency="JPY" rate="124.45"/><Cube currency="BGN" rate="1.9558"/><Cube currency="CZK" rate="26.471"/><Cube currency="DKK" rate="7.4395"/><Cube currency="GBP" rate="0.84928"/><Cube currency="HUF" rate="309.17"/><Cube currency="PLN" rate="4.2089"/><Cube currency="RON" rate="4.5503"/><Cube currency="SEK" rate="9.6733"/><Cube currency="CHF" rate="1.0944"/><Cube currency="NOK" rate="9.3325"/><Cube currency="HRK" rate="7.4332"/><Cube currency="RUB" rate="61.7094"/><Cube currency="TRY" rate="3.902"/><Cube currency="AUD" rate="1.4741"/><Cube currency="BRL" rate="3.4065"/><Cube currency="CAD" rate="1.4931"/><Cube currency="CNY" rate="7.5629"/><Cube currency="HKD" rate="8.544"/><Cube currency="IDR" rate="14591.66"/><Cube currency="ILS" rate="3.9466"/><Cube currency="INR" rate="70.2725"/><Cube currency="KRW" rate="1225.57"/><Cube currency="MXN" rate="20.502"/><Cube currency="MYR" rate="4.7489"/><Cube currency="NZD" rate="1.5875"/><Cube currency="PHP" rate="54.463"/><Cube currency="SGD" rate="1.5342"/><Cube currency="THB" rate="37.903"/><Cube currency="ZAR" rate="14.4818"/></Cube></Cube></gesmes:Envelope>